table,field name,code/format,label,note
Accident,accident_reference (acci_ref),,,"In year id used by the police to reference a collision. It is not unique outside of the year, use accident_index for linking to other years"
Accident,location_easting_osgr (loc_east_osgr),,,Null if not known
Accident,location_northing_osgr (loc_nor_osgr),,,Null if not known
Accident,longitude,,,Null if not known
Accident,Latitude,,,Null if not known
Accident,police_force,1,Metropolitan Police,
Accident,police_force,3,Cumbria,
Accident,police_force,4,Lancashire,
Accident,police_force,5,Merseyside,
Accident,police_force,6,Greater Manchester,
Accident,police_force,7,Cheshire,
Accident,police_force,10,Northumbria,
Accident,police_force,11,Durham,
Accident,police_force,12,North Yorkshire,
Accident,police_force,13,West Yorkshire,
Accident,police_force,14,South Yorkshire,
Accident,police_force,16,Humberside,
Accident,police_force,17,Cleveland,
Accident,police_force,20,West Midlands,
Accident,police_force,21,Staffordshire,
Accident,police_force,22,West Mercia,
Accident,police_force,23,Warwickshire,
Accident,police_force,30,Derbyshire,
Accident,police_force,31,Nottinghamshire,
Accident,police_force,32,Lincolnshire,
Accident,police_force,33,Leicestershire,
Accident,police_force,34,Northamptonshire,
Accident,police_force,35,Cambridgeshire,
Accident,police_force,36,Norfolk,
Accident,police_force,37,Suffolk,
Accident,police_force,40,Bedfordshire,
Accident,police_force,41,Hertfordshire,
Accident,police_force,42,Essex,
Accident,police_force,43,Thames Valley,
Accident,police_force,44,Hampshire,
Accident,police_force,45,Surrey,
Accident,police_force,46,Kent,
Accident,police_force,47,Sussex,
Accident,police_force,48,City of London,
Accident,police_force,50,Devon and Cornwall,
Accident,police_force,52,Avon and Somerset,
Accident,police_force,53,Gloucestershire,
Accident,police_force,54,Wiltshire,
Accident,police_force,55,Dorset,
Accident,police_force,60,North Wales,
Accident,police_force,61,Gwent,
Accident,police_force,62,South Wales,
Accident,police_force,63,Dyfed-Powys,
Accident,police_force,91,Northern,category discontinued in 2019
Accident,police_force,92,Grampian,category discontinued in 2019
Accident,police_force,93,Tayside,category discontinued in 2019
Accident,police_force,94,Fife,category discontinued in 2019
Accident,police_force,95,Lothian and Borders,category discontinued in 2019
Accident,police_force,96,Central,category discontinued in 2019
Accident,police_force,97,Strathclyde,category discontinued in 2019
Accident,police_force,98,Dumfries and Galloway,category discontinued in 2019
Accident,police_force,99,Police Scotland,category introduced in 2019
Accident,accident_severity (acci_severity),1,Fatal,
Accident,accident_severity (acci_severity),2,Serious,
Accident,accident_severity (acci_severity),3,Slight,
Accident,number_of_vehicles (num_of_vehi),,,
Accident,number_of_casualties (num_of_casu),,,
Accident,date,(DD/MM/YYYY),,
Accident,day_of_week,1,Sunday,
Accident,day_of_week,2,Monday,
Accident,day_of_week,3,Tuesday,
Accident,day_of_week,4,Wednesday,
Accident,day_of_week,5,Thursday,
Accident,day_of_week,6,Friday,
Accident,day_of_week,7,Saturday,
Accident,time,(HH:MM),,Null if not known
Accident,local_authority_district (local_auth_distr),1,Westminster,
Accident,local_authority_district (local_auth_distr),2,Camden,
Accident,local_authority_district (local_auth_distr),3,Islington,
Accident,local_authority_district (local_auth_distr),4,Hackney,
Accident,local_authority_district (local_auth_distr),5,Tower Hamlets,
Accident,local_authority_district (local_auth_distr),6,Greenwich,
Accident,local_authority_district (local_auth_distr),7,Lewisham,
Accident,local_authority_district (local_auth_distr),8,Southwark,
Accident,local_authority_district (local_auth_distr),9,Lambeth,
Accident,local_authority_district (local_auth_distr),10,Wandsworth,
Accident,local_authority_district (local_auth_distr),11,Hammersmith and Fulham,
Accident,local_authority_district (local_auth_distr),12,Kensington and Chelsea,
Accident,local_authority_district (local_auth_distr),13,Waltham Forest,
Accident,local_authority_district (local_auth_distr),14,Redbridge,
Accident,local_authority_district (local_auth_distr),15,Havering,
Accident,local_authority_district (local_auth_distr),16,Barking and Dagenham,
Accident,local_authority_district (local_auth_distr),17,Newham,
Accident,local_authority_district (local_auth_distr),18,Bexley,
Accident,local_authority_district (local_auth_distr),19,Bromley,
Accident,local_authority_district (local_auth_distr),20,Croydon,
Accident,local_authority_district (local_auth_distr),21,Sutton,
Accident,local_authority_district (local_auth_distr),22,Merton,
Accident,local_authority_district (local_auth_distr),23,Kingston upon Thames,
Accident,local_authority_district (local_auth_distr),24,Richmond upon Thames,
Accident,local_authority_district (local_auth_distr),25,Hounslow,
Accident,local_authority_district (local_auth_distr),26,Hillingdon,
Accident,local_authority_district (local_auth_distr),27,Ealing,
Accident,local_authority_district (local_auth_distr),28,Brent,
Accident,local_authority_district (local_auth_distr),29,Harrow,
Accident,local_authority_district (local_auth_distr),30,Barnet,
Accident,local_authority_district (local_auth_distr),31,Haringey,
Accident,local_authority_district (local_auth_distr),32,Enfield,
Accident,local_authority_district (local_auth_distr),33,Hertsmere,
Accident,local_authority_district (local_auth_distr),38,Epsom and Ewell,
Accident,local_authority_district (local_auth_distr),40,Spelthorne,
Accident,local_authority_district (local_auth_distr),57,London Airport (Heathrow),
Accident,local_authority_district (local_auth_distr),60,Allerdale,
Accident,local_authority_district (local_auth_distr),61,Barrow-in-Furness,
Accident,local_authority_district (local_auth_distr),62,Carlisle,
Accident,local_authority_district (local_auth_distr),63,Copeland,
Accident,local_authority_district (local_auth_distr),64,Eden,
Accident,local_authority_district (local_auth_distr),65,South Lakeland,
Accident,local_authority_district (local_auth_distr),70,Blackburn with Darwen,
Accident,local_authority_district (local_auth_distr),71,Blackpool,
Accident,local_authority_district (local_auth_distr),72,Burnley,
Accident,local_authority_district (local_auth_distr),73,Chorley,
Accident,local_authority_district (local_auth_distr),74,Fylde,
Accident,local_authority_district (local_auth_distr),75,Hyndburn,
Accident,local_authority_district (local_auth_distr),76,Lancaster,
Accident,local_authority_district (local_auth_distr),77,Pendle,
Accident,local_authority_district (local_auth_distr),79,Preston,
Accident,local_authority_district (local_auth_distr),80,Ribble Valley,
Accident,local_authority_district (local_auth_distr),82,Rossendale,
Accident,local_authority_district (local_auth_distr),83,South Ribble,
Accident,local_authority_district (local_auth_distr),84,West Lancashire,
Accident,local_authority_district (local_auth_distr),85,Wyre,
Accident,local_authority_district (local_auth_distr),90,Knowsley,
Accident,local_authority_district (local_auth_distr),91,Liverpool,
Accident,local_authority_district (local_auth_distr),92,St. Helens,
Accident,local_authority_district (local_auth_distr),93,Sefton,
Accident,local_authority_district (local_auth_distr),95,Wirral,
Accident,local_authority_district (local_auth_distr),100,Bolton,
Accident,local_authority_district (local_auth_distr),101,Bury,
Accident,local_authority_district (local_auth_distr),102,Manchester,
Accident,local_authority_district (local_auth_distr),104,Oldham,
Accident,local_authority_district (local_auth_distr),106,Rochdale,
Accident,local_authority_district (local_auth_distr),107,Salford,
Accident,local_authority_district (local_auth_distr),109,Stockport,
Accident,local_authority_district (local_auth_distr),110,Tameside,
Accident,local_authority_district (local_auth_distr),112,Trafford,
Accident,local_authority_district (local_auth_distr),114,Wigan,
Accident,local_authority_district (local_auth_distr),120,Chester,
Accident,local_authority_district (local_auth_distr),121,Congleton,
Accident,local_authority_district (local_auth_distr),122,Crewe and Nantwich,
Accident,local_authority_district (local_auth_distr),123,Ellesmere Port and Neston,
Accident,local_authority_district (local_auth_distr),124,Halton,
Accident,local_authority_district (local_auth_distr),126,Macclesfield,
Accident,local_authority_district (local_auth_distr),127,Vale Royal,
Accident,local_authority_district (local_auth_distr),128,Warrington,
Accident,local_authority_district (local_auth_distr),129,Cheshire East,
Accident,local_authority_district (local_auth_distr),130,Cheshire West and Chester,
Accident,local_authority_district (local_auth_distr),139,Northumberland,
Accident,local_authority_district (local_auth_distr),140,Alnwick,
Accident,local_authority_district (local_auth_distr),141,Berwick-upon-Tweed,
Accident,local_authority_district (local_auth_distr),142,Blyth Valley,
Accident,local_authority_district (local_auth_distr),143,Castle Morpeth,
Accident,local_authority_district (local_auth_distr),143,Castle Morpeth,
Accident,local_authority_district (local_auth_distr),144,Tynedale,
Accident,local_authority_district (local_auth_distr),145,Wansbeck,
Accident,local_authority_district (local_auth_distr),146,Gateshead,
Accident,local_authority_district (local_auth_distr),147,Newcastle upon Tyne,
Accident,local_authority_district (local_auth_distr),148,North Tyneside,
Accident,local_authority_district (local_auth_distr),149,South Tyneside,
Accident,local_authority_district (local_auth_distr),150,Sunderland,
Accident,local_authority_district (local_auth_distr),160,Chester-le-Street,
Accident,local_authority_district (local_auth_distr),161,Darlington,
Accident,local_authority_district (local_auth_distr),162,Derwentside,
Accident,local_authority_district (local_auth_distr),163,Durham,
Accident,local_authority_district (local_auth_distr),164,Easington,
Accident,local_authority_district (local_auth_distr),165,Sedgefield,
Accident,local_authority_district (local_auth_distr),166,Teesdale,
Accident,local_authority_district (local_auth_distr),168,Wear Valley,
Accident,local_authority_district (local_auth_distr),169,County Durham,
Accident,local_authority_district (local_auth_distr),180,Craven,
Accident,local_authority_district (local_auth_distr),181,Hambleton,
Accident,local_authority_district (local_auth_distr),182,Harrogate,
Accident,local_authority_district (local_auth_distr),184,Richmondshire,
Accident,local_authority_district (local_auth_distr),185,Ryedale,
Accident,local_authority_district (local_auth_distr),186,Scarborough,
Accident,local_authority_district (local_auth_distr),187,Selby,
Accident,local_authority_district (local_auth_distr),189,York,
Accident,local_authority_district (local_auth_distr),200,Bradford,
Accident,local_authority_district (local_auth_distr),202,Calderdale,
Accident,local_authority_district (local_auth_distr),203,Kirklees,
Accident,local_authority_district (local_auth_distr),204,Leeds,
Accident,local_authority_district (local_auth_distr),206,Wakefield,
Accident,local_authority_district (local_auth_distr),210,Barnsley,
Accident,local_authority_district (local_auth_distr),211,Doncaster,
Accident,local_authority_district (local_auth_distr),213,Rotherham,
Accident,local_authority_district (local_auth_distr),215,Sheffield,
Accident,local_authority_district (local_auth_distr),220,Beverley,
Accident,local_authority_district (local_auth_distr),221,Boothferry,
Accident,local_authority_district (local_auth_distr),224,Cleethorpes,
Accident,local_authority_district (local_auth_distr),225,Glanford,
Accident,local_authority_district (local_auth_distr),226,Grimsby,
Accident,local_authority_district (local_auth_distr),227,Holderness,
Accident,local_authority_district (local_auth_distr),228,"Kingston upon Hull, City of",
Accident,local_authority_district (local_auth_distr),229,East Yorkshire,
Accident,local_authority_district (local_auth_distr),230,Scunthorpe,
Accident,local_authority_district (local_auth_distr),231,East Riding of Yorkshire,
Accident,local_authority_district (local_auth_distr),232,North Lincolnshire,
Accident,local_authority_district (local_auth_distr),233,North East Lincolnshire,
Accident,local_authority_district (local_auth_distr),240,Hartlepool,
Accident,local_authority_district (local_auth_distr),241,Redcar and Cleveland,
Accident,local_authority_district (local_auth_distr),243,Middlesbrough,
Accident,local_authority_district (local_auth_distr),245,Stockton-on-Tees,
Accident,local_authority_district (local_auth_distr),250,Cannock Chase,
Accident,local_authority_district (local_auth_distr),251,East Staffordshire,
Accident,local_authority_district (local_auth_distr),252,Lichfield,
Accident,local_authority_district (local_auth_distr),253,Newcastle-under-Lyme,
Accident,local_authority_district (local_auth_distr),254,South Staffordshire,
Accident,local_authority_district (local_auth_distr),255,Stafford,
Accident,local_authority_district (local_auth_distr),256,Staffordshire Moorlands,
Accident,local_authority_district (local_auth_distr),257,Stoke-on-Trent,
Accident,local_authority_district (local_auth_distr),258,Tamworth,
Accident,local_authority_district (local_auth_distr),270,Bromsgrove,
Accident,local_authority_district (local_auth_distr),271,Hereford,
Accident,local_authority_district (local_auth_distr),272,Leominster,
Accident,local_authority_district (local_auth_distr),273,Malvern Hills,
Accident,local_authority_district (local_auth_distr),274,Redditch,
Accident,local_authority_district (local_auth_distr),275,South Herefordshire,
Accident,local_authority_district (local_auth_distr),276,Worcester,
Accident,local_authority_district (local_auth_distr),277,Wychavon,
Accident,local_authority_district (local_auth_distr),278,Wyre Forest,
Accident,local_authority_district (local_auth_distr),279,Bridgnorth,
Accident,local_authority_district (local_auth_distr),280,North Shropshire,
Accident,local_authority_district (local_auth_distr),281,Oswestry,
Accident,local_authority_district (local_auth_distr),282,Shrewsbury and Atcham,
Accident,local_authority_district (local_auth_distr),283,South Shropshire,
Accident,local_authority_district (local_auth_distr),284,Telford and Wrekin,
Accident,local_authority_district (local_auth_distr),285,"Herefordshire, County of ",
Accident,local_authority_district (local_auth_distr),286,Shropshire,
Accident,local_authority_district (local_auth_distr),290,North Warwickshire,
Accident,local_authority_district (local_auth_distr),291,Nuneaton and Bedworth,
Accident,local_authority_district (local_auth_distr),292,Rugby ,
Accident,local_authority_district (local_auth_distr),293,Stratford-upon-Avon,
Accident,local_authority_district (local_auth_distr),294,Warwick,
Accident,local_authority_district (local_auth_distr),300,Birmingham,
Accident,local_authority_district (local_auth_distr),302,Coventry,
Accident,local_authority_district (local_auth_distr),303,Dudley,
Accident,local_authority_district (local_auth_distr),305,Sandwell,
Accident,local_authority_district (local_auth_distr),306,Solihull,
Accident,local_authority_district (local_auth_distr),307,Walsall,
Accident,local_authority_district (local_auth_distr),309,Wolverhampton,
Accident,local_authority_district (local_auth_distr),320,Amber Valley,
Accident,local_authority_district (local_auth_distr),321,Bolsover,
Accident,local_authority_district (local_auth_distr),322,Chesterfield,
Accident,local_authority_district (local_auth_distr),323,Derby,
Accident,local_authority_district (local_auth_distr),324,Erewash,
Accident,local_authority_district (local_auth_distr),325,High Peak,
Accident,local_authority_district (local_auth_distr),327,North East Derbyshire,
Accident,local_authority_district (local_auth_distr),328,South Derbyshire,
Accident,local_authority_district (local_auth_distr),329,Derbyshire Dales,
Accident,local_authority_district (local_auth_distr),340,Ashfield,
Accident,local_authority_district (local_auth_distr),341,Bassetlaw,
Accident,local_authority_district (local_auth_distr),342,Broxtowe,
Accident,local_authority_district (local_auth_distr),343,Gedling,
Accident,local_authority_district (local_auth_distr),344,Mansfield,
Accident,local_authority_district (local_auth_distr),345,Newark and Sherwood,
Accident,local_authority_district (local_auth_distr),346,Nottingham,
Accident,local_authority_district (local_auth_distr),347,Rushcliffe,
Accident,local_authority_district (local_auth_distr),350,Boston,
Accident,local_authority_district (local_auth_distr),351,East Lindsey,
Accident,local_authority_district (local_auth_distr),352,Lincoln,
Accident,local_authority_district (local_auth_distr),353,North Kesteven,
Accident,local_authority_district (local_auth_distr),354,South Holland,
Accident,local_authority_district (local_auth_distr),355,South Kesteven,
Accident,local_authority_district (local_auth_distr),356,West Lindsey,
Accident,local_authority_district (local_auth_distr),360,Blaby,
Accident,local_authority_district (local_auth_distr),361,Hinckley and Bosworth,
Accident,local_authority_district (local_auth_distr),362,Charnwood,
Accident,local_authority_district (local_auth_distr),363,Harborough,
Accident,local_authority_district (local_auth_distr),364,Leicester,
Accident,local_authority_district (local_auth_distr),365,Melton,
Accident,local_authority_district (local_auth_distr),366,North West Leicestershire,
Accident,local_authority_district (local_auth_distr),367,Oadby and Wigston,
Accident,local_authority_district (local_auth_distr),368,Rutland,
Accident,local_authority_district (local_auth_distr),380,Corby,
Accident,local_authority_district (local_auth_distr),381,Daventry,
Accident,local_authority_district (local_auth_distr),382,East Northamptonshire,
Accident,local_authority_district (local_auth_distr),383,Kettering,
Accident,local_authority_district (local_auth_distr),384,Northampton,
Accident,local_authority_district (local_auth_distr),385,South Northamptonshire,
Accident,local_authority_district (local_auth_distr),386,Wellingborough,
Accident,local_authority_district (local_auth_distr),390,Cambridge,
Accident,local_authority_district (local_auth_distr),391,East Cambridgeshire,
Accident,local_authority_district (local_auth_distr),392,Fenland,
Accident,local_authority_district (local_auth_distr),393,Huntingdonshire,
Accident,local_authority_district (local_auth_distr),394,Peterborough,
Accident,local_authority_district (local_auth_distr),395,South Cambridgeshire,
Accident,local_authority_district (local_auth_distr),400,Breckland,
Accident,local_authority_district (local_auth_distr),401,Broadland,
Accident,local_authority_district (local_auth_distr),402,Great Yarmouth,
Accident,local_authority_district (local_auth_distr),404,Norwich,
Accident,local_authority_district (local_auth_distr),405,North Norfolk,
Accident,local_authority_district (local_auth_distr),406,South Norfolk,
Accident,local_authority_district (local_auth_distr),407,King's Lynn and West Norfolk,
Accident,local_authority_district (local_auth_distr),410,Babergh,
Accident,local_authority_district (local_auth_distr),411,Forest Heath,
Accident,local_authority_district (local_auth_distr),412,Ipswich,
Accident,local_authority_district (local_auth_distr),413,Mid Suffolk,
Accident,local_authority_district (local_auth_distr),414,St. Edmundsbury,
Accident,local_authority_district (local_auth_distr),415,Suffolk Coastal,
Accident,local_authority_district (local_auth_distr),416,Waveney,
Accident,local_authority_district (local_auth_distr),420,Bedford,
Accident,local_authority_district (local_auth_distr),421,Luton,
Accident,local_authority_district (local_auth_distr),422,Mid Bedfordshire,
Accident,local_authority_district (local_auth_distr),423,South Bedfordshire,
Accident,local_authority_district (local_auth_distr),424,Central Bedfordshire,
Accident,local_authority_district (local_auth_distr),430,Broxbourne,
Accident,local_authority_district (local_auth_distr),431,Dacorum,
Accident,local_authority_district (local_auth_distr),432,East Hertfordshire,
Accident,local_authority_district (local_auth_distr),433,North Hertfordshire,
Accident,local_authority_district (local_auth_distr),434,St. Albans,
Accident,local_authority_district (local_auth_distr),435,Stevenage,
Accident,local_authority_district (local_auth_distr),436,Three Rivers,
Accident,local_authority_district (local_auth_distr),437,Watford,
Accident,local_authority_district (local_auth_distr),438,Welwyn Hatfield,
Accident,local_authority_district (local_auth_distr),450,Basildon,
Accident,local_authority_district (local_auth_distr),451,Braintree,
Accident,local_authority_district (local_auth_distr),452,Brentwood,
Accident,local_authority_district (local_auth_distr),453,Castle Point,
Accident,local_authority_district (local_auth_distr),454,Chelmsford,
Accident,local_authority_district (local_auth_distr),455,Colchester,
Accident,local_authority_district (local_auth_distr),456,Epping Forest,
Accident,local_authority_district (local_auth_distr),457,Harlow,
Accident,local_authority_district (local_auth_distr),458,Maldon,
Accident,local_authority_district (local_auth_distr),459,Rochford,
Accident,local_authority_district (local_auth_distr),460,Southend-on-Sea,
Accident,local_authority_district (local_auth_distr),461,Tendring,
Accident,local_authority_district (local_auth_distr),462,Thurrock,
Accident,local_authority_district (local_auth_distr),463,Uttlesford,
Accident,local_authority_district (local_auth_distr),470,Bracknell Forest,
Accident,local_authority_district (local_auth_distr),471,West Berkshire,
Accident,local_authority_district (local_auth_distr),472,Reading,
Accident,local_authority_district (local_auth_distr),473,Slough,
Accident,local_authority_district (local_auth_distr),474,Windsor and Maidenhead,
Accident,local_authority_district (local_auth_distr),475,Wokingham,
Accident,local_authority_district (local_auth_distr),476,Aylesbury Vale,
Accident,local_authority_district (local_auth_distr),477,South Bucks,
Accident,local_authority_district (local_auth_distr),478,Chiltern,
Accident,local_authority_district (local_auth_distr),479,Milton Keynes,
Accident,local_authority_district (local_auth_distr),480,Wycombe,
Accident,local_authority_district (local_auth_distr),481,Cherwell,
Accident,local_authority_district (local_auth_distr),482,Oxford,
Accident,local_authority_district (local_auth_distr),483,Vale of White Horse,
Accident,local_authority_district (local_auth_distr),484,South Oxfordshire,
Accident,local_authority_district (local_auth_distr),485,West Oxfordshire,
Accident,local_authority_district (local_auth_distr),490,Basingstoke and Deane,
Accident,local_authority_district (local_auth_distr),491,Eastleigh,
Accident,local_authority_district (local_auth_distr),492,Fareham,
Accident,local_authority_district (local_auth_distr),493,Gosport,
Accident,local_authority_district (local_auth_distr),494,Hart,
Accident,local_authority_district (local_auth_distr),495,Havant,
Accident,local_authority_district (local_auth_distr),496,New Forest,
Accident,local_authority_district (local_auth_distr),497,East Hampshire,
Accident,local_authority_district (local_auth_distr),498,Portsmouth,
Accident,local_authority_district (local_auth_distr),499,Rushmoor,
Accident,local_authority_district (local_auth_distr),500,Southampton ,
Accident,local_authority_district (local_auth_distr),501,Test Valley,
Accident,local_authority_district (local_auth_distr),502,Winchester,
Accident,local_authority_district (local_auth_distr),503,Medina,
Accident,local_authority_district (local_auth_distr),504,South Wight,
Accident,local_authority_district (local_auth_distr),505,Isle of Wight,
Accident,local_authority_district (local_auth_distr),510,Elmbridge,
Accident,local_authority_district (local_auth_distr),511,Guildford,
Accident,local_authority_district (local_auth_distr),512,Mole Valley,
Accident,local_authority_district (local_auth_distr),513,Reigate and Banstead,
Accident,local_authority_district (local_auth_distr),514,Runnymede,
Accident,local_authority_district (local_auth_distr),515,Surrey Heath,
Accident,local_authority_district (local_auth_distr),516,Tandridge,
Accident,local_authority_district (local_auth_distr),517,Waverley,
Accident,local_authority_district (local_auth_distr),518,Woking,
Accident,local_authority_district (local_auth_distr),530,Ashford,
Accident,local_authority_district (local_auth_distr),531,Canterbury,
Accident,local_authority_district (local_auth_distr),532,Dartford,
Accident,local_authority_district (local_auth_distr),533,Dover,
Accident,local_authority_district (local_auth_distr),534,Gillingham,
Accident,local_authority_district (local_auth_distr),535,Gravesham,
Accident,local_authority_district (local_auth_distr),536,Maidstone,
Accident,local_authority_district (local_auth_distr),537,Rochester,
Accident,local_authority_district (local_auth_distr),538,Sevenoaks,
Accident,local_authority_district (local_auth_distr),539,Shepway,
Accident,local_authority_district (local_auth_distr),540,Swale,
Accident,local_authority_district (local_auth_distr),541,Thanet,
Accident,local_authority_district (local_auth_distr),542,Tonbridge and Malling,
Accident,local_authority_district (local_auth_distr),543,Tunbridge Wells,
Accident,local_authority_district (local_auth_distr),544,Medway,
Accident,local_authority_district (local_auth_distr),550,Brighton,
Accident,local_authority_district (local_auth_distr),551,Eastbourne,
Accident,local_authority_district (local_auth_distr),552,Hastings,
Accident,local_authority_district (local_auth_distr),553,Hove,
Accident,local_authority_district (local_auth_distr),554,Lewes,
Accident,local_authority_district (local_auth_distr),555,Rother,
Accident,local_authority_district (local_auth_distr),556,Wealden,
Accident,local_authority_district (local_auth_distr),557,Adur,
Accident,local_authority_district (local_auth_distr),558,Arun,
Accident,local_authority_district (local_auth_distr),559,Chichester,
Accident,local_authority_district (local_auth_distr),560,Crawley,
Accident,local_authority_district (local_auth_distr),562,Horsham,
Accident,local_authority_district (local_auth_distr),563,Mid Sussex,
Accident,local_authority_district (local_auth_distr),564,Worthing,
Accident,local_authority_district (local_auth_distr),565,Brighton and Hove,
Accident,local_authority_district (local_auth_distr),570,City of London,
Accident,local_authority_district (local_auth_distr),580,East Devon,
Accident,local_authority_district (local_auth_distr),581,Exeter,
Accident,local_authority_district (local_auth_distr),582,North Devon,
Accident,local_authority_district (local_auth_distr),583,Plymouth,
Accident,local_authority_district (local_auth_distr),584,South Hams,
Accident,local_authority_district (local_auth_distr),585,Teignbridge,
Accident,local_authority_district (local_auth_distr),586,Mid Devon,
Accident,local_authority_district (local_auth_distr),587,Torbay,
Accident,local_authority_district (local_auth_distr),588,Torridge,
Accident,local_authority_district (local_auth_distr),589,West Devon,
Accident,local_authority_district (local_auth_distr),590,Caradon,
Accident,local_authority_district (local_auth_distr),591,Carrick,
Accident,local_authority_district (local_auth_distr),592,Kerrier,
Accident,local_authority_district (local_auth_distr),593,North Cornwall,
Accident,local_authority_district (local_auth_distr),594,Penwith,
Accident,local_authority_district (local_auth_distr),595,Restormel,
Accident,local_authority_district (local_auth_distr),596,Cornwall,
Accident,local_authority_district (local_auth_distr),600,Bath,
Accident,local_authority_district (local_auth_distr),601,"Bristol, City of",
Accident,local_authority_district (local_auth_distr),602,Kingswood,
Accident,local_authority_district (local_auth_distr),603,Northavon,
Accident,local_authority_district (local_auth_distr),604,Wansdyke,
Accident,local_authority_district (local_auth_distr),605,North Somerset,
Accident,local_authority_district (local_auth_distr),606,Mendip,
Accident,local_authority_district (local_auth_distr),607,Sedgemoor,
Accident,local_authority_district (local_auth_distr),608,Taunton Deane,
Accident,local_authority_district (local_auth_distr),609,West Somerset,
Accident,local_authority_district (local_auth_distr),610,South Somerset,
Accident,local_authority_district (local_auth_distr),611,Bath and North East Somerset,
Accident,local_authority_district (local_auth_distr),612,South Gloucestershire,
Accident,local_authority_district (local_auth_distr),620,Cheltenham,
Accident,local_authority_district (local_auth_distr),621,Cotswold,
Accident,local_authority_district (local_auth_distr),622,Forest of Dean,
Accident,local_authority_district (local_auth_distr),623,Gloucester,
Accident,local_authority_district (local_auth_distr),624,Stroud,
Accident,local_authority_district (local_auth_distr),625,Tewkesbury,
Accident,local_authority_district (local_auth_distr),630,Kennet,
Accident,local_authority_district (local_auth_distr),631,North Wiltshire,
Accident,local_authority_district (local_auth_distr),632,Salisbury,
Accident,local_authority_district (local_auth_distr),633,Swindon,
Accident,local_authority_district (local_auth_distr),634,West Wiltshire,
Accident,local_authority_district (local_auth_distr),635,Wiltshire,
Accident,local_authority_district (local_auth_distr),640,Bournemouth,
Accident,local_authority_district (local_auth_distr),641,Christchurch,
Accident,local_authority_district (local_auth_distr),642,North Dorset,
Accident,local_authority_district (local_auth_distr),643,Poole,
Accident,local_authority_district (local_auth_distr),644,Purbeck,
Accident,local_authority_district (local_auth_distr),645,West Dorset,
Accident,local_authority_district (local_auth_distr),646,Weymouth and Portland,
Accident,local_authority_district (local_auth_distr),647,East Dorset,
Accident,local_authority_district (local_auth_distr),660,Aberconwy,
Accident,local_authority_district (local_auth_distr),661,Arfon,
Accident,local_authority_district (local_auth_distr),662,Dwyfor,
Accident,local_authority_district (local_auth_distr),663,Meirionnydd,
Accident,local_authority_district (local_auth_distr),664,Ynys Mon - Isle of Anglesey ,
Accident,local_authority_district (local_auth_distr),665,Alyn-Deeside,
Accident,local_authority_district (local_auth_distr),666,Colwyn,
Accident,local_authority_district (local_auth_distr),667,Delwyn,
Accident,local_authority_district (local_auth_distr),668,Glyndwr,
Accident,local_authority_district (local_auth_distr),669,Rhuddlan,
Accident,local_authority_district (local_auth_distr),670,Wrexham Maelor,
Accident,local_authority_district (local_auth_distr),680,Blaenau Gwent,
Accident,local_authority_district (local_auth_distr),682,Islwyn,
Accident,local_authority_district (local_auth_distr),683,Monmouth,
Accident,local_authority_district (local_auth_distr),684,Newport,
Accident,local_authority_district (local_auth_distr),685,Torfaen,
Accident,local_authority_district (local_auth_distr),690,Cynon Valley,
Accident,local_authority_district (local_auth_distr),692,Merthyr Tydfil,
Accident,local_authority_district (local_auth_distr),694,Ogwr,
Accident,local_authority_district (local_auth_distr),695,Rhondda,
Accident,local_authority_district (local_auth_distr),696,Rhymney Valley,
Accident,local_authority_district (local_auth_distr),698,Taff-Ely,
Accident,local_authority_district (local_auth_distr),699,Cardiff,
Accident,local_authority_district (local_auth_distr),701,Vale of Glamorgan,
Accident,local_authority_district (local_auth_distr),702,Afan,
Accident,local_authority_district (local_auth_distr),703,Lliw Valley,
Accident,local_authority_district (local_auth_distr),704,Neath,
Accident,local_authority_district (local_auth_distr),705,Swansea ,
Accident,local_authority_district (local_auth_distr),710,Carmarthen,
Accident,local_authority_district (local_auth_distr),711,Ceredigion,
Accident,local_authority_district (local_auth_distr),712,Dinefwr,
Accident,local_authority_district (local_auth_distr),713,Llanelli,
Accident,local_authority_district (local_auth_distr),714,Preseli,
Accident,local_authority_district (local_auth_distr),715,South Pembrokeshire,
Accident,local_authority_district (local_auth_distr),716,Brecknock,
Accident,local_authority_district (local_auth_distr),717,Montgomery,
Accident,local_authority_district (local_auth_distr),718,Radnor,
Accident,local_authority_district (local_auth_distr),720,Isle of Anglesey,
Accident,local_authority_district (local_auth_distr),721,Conwy,
Accident,local_authority_district (local_auth_distr),722,Gwynedd,
Accident,local_authority_district (local_auth_distr),723,Denbighshire,
Accident,local_authority_district (local_auth_distr),724,Flintshire,
Accident,local_authority_district (local_auth_distr),725,Wrexham,
Accident,local_authority_district (local_auth_distr),730,Blaenau Gwent,
Accident,local_authority_district (local_auth_distr),731,Caerphilly,
Accident,local_authority_district (local_auth_distr),732,Monmouthshire,
Accident,local_authority_district (local_auth_distr),733,Newport,
Accident,local_authority_district (local_auth_distr),734,Torfaen,
Accident,local_authority_district (local_auth_distr),740,Bridgend,
Accident,local_authority_district (local_auth_distr),741,Cardiff,
Accident,local_authority_district (local_auth_distr),742,Merthyr Tydfil,
Accident,local_authority_district (local_auth_distr),743,Neath Port Talbot,
Accident,local_authority_district (local_auth_distr),744,"Rhondda, Cynon, Taff",
Accident,local_authority_district (local_auth_distr),745,Swansea,
Accident,local_authority_district (local_auth_distr),746,The Vale of Glamorgan,
Accident,local_authority_district (local_auth_distr),750,Ceredigion,
Accident,local_authority_district (local_auth_distr),751,Carmarthenshire,
Accident,local_authority_district (local_auth_distr),752,Pembrokeshire,
Accident,local_authority_district (local_auth_distr),753,Powys,
Accident,local_authority_district (local_auth_distr),801,Orkney,
Accident,local_authority_district (local_auth_distr),802,Shetland,
Accident,local_authority_district (local_auth_distr),803,Western Isles,
Accident,local_authority_district (local_auth_distr),804,Caithness,
Accident,local_authority_district (local_auth_distr),805,Sutherland,
Accident,local_authority_district (local_auth_distr),806,Ross and Cromarty,
Accident,local_authority_district (local_auth_distr),807,Skye and Lochalsh,
Accident,local_authority_district (local_auth_distr),808,Lochaber,
Accident,local_authority_district (local_auth_distr),809,Inverness,
Accident,local_authority_district (local_auth_distr),810,Badenoch and Strathspey,
Accident,local_authority_district (local_auth_distr),811,Nairn,
Accident,local_authority_district (local_auth_distr),812,Aberdeen (City of),
Accident,local_authority_district (local_auth_distr),813,Moray,
Accident,local_authority_district (local_auth_distr),814,Banff and Buchan,
Accident,local_authority_district (local_auth_distr),815,Gordon,
Accident,local_authority_district (local_auth_distr),816,Kincardine and Deeside,
Accident,local_authority_district (local_auth_distr),817,Dundee (City of),
Accident,local_authority_district (local_auth_distr),818,Angus,
Accident,local_authority_district (local_auth_distr),819,Perth and Kinross,
Accident,local_authority_district (local_auth_distr),821,Kirkcaldy,
Accident,local_authority_district (local_auth_distr),822,North East Fife,
Accident,local_authority_district (local_auth_distr),823,Dunfermline ,
Accident,local_authority_district (local_auth_distr),824,Edinburgh (City of),
Accident,local_authority_district (local_auth_distr),825,West Lothian,
Accident,local_authority_district (local_auth_distr),826,Midlothian,
Accident,local_authority_district (local_auth_distr),827,East Lothian,
Accident,local_authority_district (local_auth_distr),828,Tweeddale,
Accident,local_authority_district (local_auth_distr),829,Ettrick and Lauderdale,
Accident,local_authority_district (local_auth_distr),830,Roxburgh,
Accident,local_authority_district (local_auth_distr),831,Berwickshire,
Accident,local_authority_district (local_auth_distr),833,Clackmannan,
Accident,local_authority_district (local_auth_distr),834,Stirling,
Accident,local_authority_district (local_auth_distr),835,Falkirk,
Accident,local_authority_district (local_auth_distr),836,Glasgow (City of),
Accident,local_authority_district (local_auth_distr),837,Argyll and Bute,
Accident,local_authority_district (local_auth_distr),838,Dumbarton,
Accident,local_authority_district (local_auth_distr),839,Clydebank,
Accident,local_authority_district (local_auth_distr),840,Bearsden and Milngavie,
Accident,local_authority_district (local_auth_distr),841,Strathkelvin,
Accident,local_authority_district (local_auth_distr),842,Cumbernauld and Kilsyth,
Accident,local_authority_district (local_auth_distr),843,Monklands,
Accident,local_authority_district (local_auth_distr),844,Motherwell,
Accident,local_authority_district (local_auth_distr),845,Hamilton,
Accident,local_authority_district (local_auth_distr),846,East Kilbride,
Accident,local_authority_district (local_auth_distr),847,Eastwood,
Accident,local_authority_district (local_auth_distr),848,Lanark,
Accident,local_authority_district (local_auth_distr),849,Renfrew,
Accident,local_authority_district (local_auth_distr),850,Inverclyde,
Accident,local_authority_district (local_auth_distr),851,Cunninghame,
Accident,local_authority_district (local_auth_distr),852,Kilmarnock and Loudoun,
Accident,local_authority_district (local_auth_distr),853,Kyle and Carrick,
Accident,local_authority_district (local_auth_distr),854,Cumnock and Doon Valley,
Accident,local_authority_district (local_auth_distr),856,Wigtown,
Accident,local_authority_district (local_auth_distr),857,Stewartry,
Accident,local_authority_district (local_auth_distr),858,Nithsdale,
Accident,local_authority_district (local_auth_distr),859,Annandale and Eskdale,
Accident,local_authority_district (local_auth_distr),910,Aberdeen City,
Accident,local_authority_district (local_auth_distr),911,Aberdeenshire,
Accident,local_authority_district (local_auth_distr),912,Angus,
Accident,local_authority_district (local_auth_distr),913,Argyll and Bute,
Accident,local_authority_district (local_auth_distr),914,Scottish Borders,
Accident,local_authority_district (local_auth_distr),915,Clackmannanshire,
Accident,local_authority_district (local_auth_distr),916,West Dunbartonshire,
Accident,local_authority_district (local_auth_distr),917,Dumfries and Galloway,
Accident,local_authority_district (local_auth_distr),918,Dundee City,
Accident,local_authority_district (local_auth_distr),919,East Ayrshire,
Accident,local_authority_district (local_auth_distr),920,East Dunbartonshire,
Accident,local_authority_district (local_auth_distr),921,East Lothian,
Accident,local_authority_district (local_auth_distr),922,East Renfrewshire,
Accident,local_authority_district (local_auth_distr),923,"Edinburgh, City of",
Accident,local_authority_district (local_auth_distr),924,Falkirk,
Accident,local_authority_district (local_auth_distr),925,Fife,
Accident,local_authority_district (local_auth_distr),926,Glasgow City,
Accident,local_authority_district (local_auth_distr),927,Highland,
Accident,local_authority_district (local_auth_distr),928,Inverclyde,
Accident,local_authority_district (local_auth_distr),929,Midlothian,
Accident,local_authority_district (local_auth_distr),930,Moray,
Accident,local_authority_district (local_auth_distr),931,North Ayrshire,
Accident,local_authority_district (local_auth_distr),932,North Lanarkshire,
Accident,local_authority_district (local_auth_distr),933,Orkney Islands,
Accident,local_authority_district (local_auth_distr),934,Perth and Kinross,
Accident,local_authority_district (local_auth_distr),935,Renfrewshire,
Accident,local_authority_district (local_auth_distr),936,Shetland Islands,
Accident,local_authority_district (local_auth_distr),937,South Ayrshire,
Accident,local_authority_district (local_auth_distr),938,South Lanarkshire,
Accident,local_authority_district (local_auth_distr),939,Stirling,
Accident,local_authority_district (local_auth_distr),940,West Lothian,
Accident,local_authority_district (local_auth_distr),941,Western Isles,
Accident,local_authority_district (local_auth_distr),-1,Code depricated,
Accident,local_authority_ons_district (loc_auth_ons_distr),E06000001,Hartlepool,
Accident,local_authority_ons_district (loc_auth_ons_distr),E06000002,Middlesbrough,
Accident,local_authority_ons_district (loc_auth_ons_distr),E06000003,Redcar and Cleveland,
Accident,local_authority_ons_district (loc_auth_ons_distr),E06000004,Stockton-on-Tees,
Accident,local_authority_ons_district (loc_auth_ons_distr),E06000005,Darlington,
Accident,local_authority_ons_district (loc_auth_ons_distr),E06000006,Halton,
Accident,local_authority_ons_district (loc_auth_ons_distr),E06000007,Warrington,
Accident,local_authority_ons_district (loc_auth_ons_distr),E06000008,Blackburn with Darwen,
Accident,local_authority_ons_district (loc_auth_ons_distr),E06000009,Blackpool,
Accident,local_authority_ons_district (loc_auth_ons_distr),E06000010,"Kingston upon Hull, City of",
Accident,local_authority_ons_district (loc_auth_ons_distr),E06000011,East Riding of Yorkshire,
Accident,local_authority_ons_district (loc_auth_ons_distr),E06000012,North East Lincolnshire,
Accident,local_authority_ons_district (loc_auth_ons_distr),E06000013,North Lincolnshire,
Accident,local_authority_ons_district (loc_auth_ons_distr),E06000014,York,
Accident,local_authority_ons_district (loc_auth_ons_distr),E06000015,Derby,
Accident,local_authority_ons_district (loc_auth_ons_distr),E06000016,Leicester,
Accident,local_authority_ons_district (loc_auth_ons_distr),E06000017,Rutland,
Accident,local_authority_ons_district (loc_auth_ons_distr),E06000018,Nottingham,
Accident,local_authority_ons_district (loc_auth_ons_distr),E06000019,"Herefordshire, County of ",
Accident,local_authority_ons_district (loc_auth_ons_distr),E06000020,Telford and Wrekin,
Accident,local_authority_ons_district (loc_auth_ons_distr),E06000021,Stoke-on-Trent,
Accident,local_authority_ons_district (loc_auth_ons_distr),E06000022,Bath and North East Somerset,
Accident,local_authority_ons_district (loc_auth_ons_distr),E06000023,"Bristol, City of",
Accident,local_authority_ons_district (loc_auth_ons_distr),E06000024,North Somerset,
Accident,local_authority_ons_district (loc_auth_ons_distr),E06000025,South Gloucestershire,
Accident,local_authority_ons_district (loc_auth_ons_distr),E06000026,Plymouth,
Accident,local_authority_ons_district (loc_auth_ons_distr),E06000027,Torbay,
Accident,local_authority_ons_district (loc_auth_ons_distr),E06000028,Bournemouth,
Accident,local_authority_ons_district (loc_auth_ons_distr),E06000029,Poole,
Accident,local_authority_ons_district (loc_auth_ons_distr),E06000030,Swindon,
Accident,local_authority_ons_district (loc_auth_ons_distr),E06000031,Peterborough,
Accident,local_authority_ons_district (loc_auth_ons_distr),E06000032,Luton,
Accident,local_authority_ons_district (loc_auth_ons_distr),E06000033,Southend-on-Sea,
Accident,local_authority_ons_district (loc_auth_ons_distr),E06000034,Thurrock,
Accident,local_authority_ons_district (loc_auth_ons_distr),E06000035,Medway,
Accident,local_authority_ons_district (loc_auth_ons_distr),E06000036,Bracknell Forest,
Accident,local_authority_ons_district (loc_auth_ons_distr),E06000037,West Berkshire,
Accident,local_authority_ons_district (loc_auth_ons_distr),E06000038,Reading,
Accident,local_authority_ons_district (loc_auth_ons_distr),E06000039,Slough,
Accident,local_authority_ons_district (loc_auth_ons_distr),E06000040,Windsor and Maidenhead,
Accident,local_authority_ons_district (loc_auth_ons_distr),E06000041,Wokingham,
Accident,local_authority_ons_district (loc_auth_ons_distr),E06000042,Milton Keynes,
Accident,local_authority_ons_district (loc_auth_ons_distr),E06000043,Brighton and Hove,
Accident,local_authority_ons_district (loc_auth_ons_distr),E06000044,Portsmouth,
Accident,local_authority_ons_district (loc_auth_ons_distr),E06000045,Southampton ,
Accident,local_authority_ons_district (loc_auth_ons_distr),E06000046,Isle of Wight,
Accident,local_authority_ons_district (loc_auth_ons_distr),E06000047,County Durham,
Accident,local_authority_ons_district (loc_auth_ons_distr),E06000048,Northumberland,
Accident,local_authority_ons_district (loc_auth_ons_distr),E06000049,Cheshire East,
Accident,local_authority_ons_district (loc_auth_ons_distr),E06000050,Cheshire West and Chester,
Accident,local_authority_ons_district (loc_auth_ons_distr),E06000051,Shropshire,
Accident,local_authority_ons_district (loc_auth_ons_distr),E06000052,Cornwall,
Accident,local_authority_ons_district (loc_auth_ons_distr),E06000053,Isles of Scilly,
Accident,local_authority_ons_district (loc_auth_ons_distr),E06000054,Wiltshire,
Accident,local_authority_ons_district (loc_auth_ons_distr),E06000055,Bedford,
Accident,local_authority_ons_district (loc_auth_ons_distr),E06000056,Central Bedfordshire,
Accident,local_authority_ons_district (loc_auth_ons_distr),E06000057,Northumberland,
Accident,local_authority_ons_district (loc_auth_ons_distr),E06000058,"Bournemouth, Christchurch and Poole",
Accident,local_authority_ons_district (loc_auth_ons_distr),E06000059,Dorset (excluding Christchurch),
Accident,local_authority_ons_district (loc_auth_ons_distr),E06000060,Buckinghamshire,
Accident,local_authority_ons_district (loc_auth_ons_distr),E06000061,North Northamptonshire,
Accident,local_authority_ons_district (loc_auth_ons_distr),E06000062,West Northamptonshire,
Accident,local_authority_ons_district (loc_auth_ons_distr),E07000004,Aylesbury Vale,
Accident,local_authority_ons_district (loc_auth_ons_distr),E07000005,Chiltern,
Accident,local_authority_ons_district (loc_auth_ons_distr),E07000006,South Bucks,
Accident,local_authority_ons_district (loc_auth_ons_distr),E07000007,Wycombe,
Accident,local_authority_ons_district (loc_auth_ons_distr),E07000008,Cambridge,
Accident,local_authority_ons_district (loc_auth_ons_distr),E07000009,East Cambridgeshire,
Accident,local_authority_ons_district (loc_auth_ons_distr),E07000010,Fenland,
Accident,local_authority_ons_district (loc_auth_ons_distr),E07000011,Huntingdonshire,
Accident,local_authority_ons_district (loc_auth_ons_distr),E07000012,South Cambridgeshire,
Accident,local_authority_ons_district (loc_auth_ons_distr),E07000026,Allerdale,
Accident,local_authority_ons_district (loc_auth_ons_distr),E07000027,Barrow-in-Furness,
Accident,local_authority_ons_district (loc_auth_ons_distr),E07000028,Carlisle,
Accident,local_authority_ons_district (loc_auth_ons_distr),E07000029,Copeland,
Accident,local_authority_ons_district (loc_auth_ons_distr),E07000030,Eden,
Accident,local_authority_ons_district (loc_auth_ons_distr),E07000031,South Lakeland,
Accident,local_authority_ons_district (loc_auth_ons_distr),E07000032,Amber Valley,
Accident,local_authority_ons_district (loc_auth_ons_distr),E07000033,Bolsover,
Accident,local_authority_ons_district (loc_auth_ons_distr),E07000034,Chesterfield,
Accident,local_authority_ons_district (loc_auth_ons_distr),E07000035,Derbyshire Dales,
Accident,local_authority_ons_district (loc_auth_ons_distr),E07000036,Erewash,
Accident,local_authority_ons_district (loc_auth_ons_distr),E07000037,High Peak,
Accident,local_authority_ons_district (loc_auth_ons_distr),E07000038,North East Derbyshire,
Accident,local_authority_ons_district (loc_auth_ons_distr),E07000039,South Derbyshire,
Accident,local_authority_ons_district (loc_auth_ons_distr),E07000040,East Devon,
Accident,local_authority_ons_district (loc_auth_ons_distr),E07000041,Exeter,
Accident,local_authority_ons_district (loc_auth_ons_distr),E07000042,Mid Devon,
Accident,local_authority_ons_district (loc_auth_ons_distr),E07000043,North Devon,
Accident,local_authority_ons_district (loc_auth_ons_distr),E07000044,South Hams,
Accident,local_authority_ons_district (loc_auth_ons_distr),E07000045,Teignbridge,
Accident,local_authority_ons_district (loc_auth_ons_distr),E07000046,Torridge,
Accident,local_authority_ons_district (loc_auth_ons_distr),E07000047,West Devon,
Accident,local_authority_ons_district (loc_auth_ons_distr),E07000048,Christchurch,
Accident,local_authority_ons_district (loc_auth_ons_distr),E07000049,East Dorset,
Accident,local_authority_ons_district (loc_auth_ons_distr),E07000050,North Dorset,
Accident,local_authority_ons_district (loc_auth_ons_distr),E07000051,Purbeck,
Accident,local_authority_ons_district (loc_auth_ons_distr),E07000052,West Dorset,
Accident,local_authority_ons_district (loc_auth_ons_distr),E07000053,Weymouth and Portland,
Accident,local_authority_ons_district (loc_auth_ons_distr),E07000061,Eastbourne,
Accident,local_authority_ons_district (loc_auth_ons_distr),E07000062,Hastings,
Accident,local_authority_ons_district (loc_auth_ons_distr),E07000063,Lewes,
Accident,local_authority_ons_district (loc_auth_ons_distr),E07000064,Rother,
Accident,local_authority_ons_district (loc_auth_ons_distr),E07000065,Wealden,
Accident,local_authority_ons_district (loc_auth_ons_distr),E07000066,Basildon,
Accident,local_authority_ons_district (loc_auth_ons_distr),E07000067,Braintree,
Accident,local_authority_ons_district (loc_auth_ons_distr),E07000068,Brentwood,
Accident,local_authority_ons_district (loc_auth_ons_distr),E07000069,Castle Point,
Accident,local_authority_ons_district (loc_auth_ons_distr),E07000070,Chelmsford,
Accident,local_authority_ons_district (loc_auth_ons_distr),E07000071,Colchester,
Accident,local_authority_ons_district (loc_auth_ons_distr),E07000072,Epping Forest,
Accident,local_authority_ons_district (loc_auth_ons_distr),E07000073,Harlow,
Accident,local_authority_ons_district (loc_auth_ons_distr),E07000074,Maldon,
Accident,local_authority_ons_district (loc_auth_ons_distr),E07000075,Rochford,
Accident,local_authority_ons_district (loc_auth_ons_distr),E07000076,Tendring,
Accident,local_authority_ons_district (loc_auth_ons_distr),E07000077,Uttlesford,
Accident,local_authority_ons_district (loc_auth_ons_distr),E07000078,Cheltenham,
Accident,local_authority_ons_district (loc_auth_ons_distr),E07000079,Cotswold,
Accident,local_authority_ons_district (loc_auth_ons_distr),E07000080,Forest of Dean,
Accident,local_authority_ons_district (loc_auth_ons_distr),E07000081,Gloucester,
Accident,local_authority_ons_district (loc_auth_ons_distr),E07000082,Stroud,
Accident,local_authority_ons_district (loc_auth_ons_distr),E07000083,Tewkesbury,
Accident,local_authority_ons_district (loc_auth_ons_distr),E07000084,Basingstoke and Deane,
Accident,local_authority_ons_district (loc_auth_ons_distr),E07000085,East Hampshire,
Accident,local_authority_ons_district (loc_auth_ons_distr),E07000086,Eastleigh,
Accident,local_authority_ons_district (loc_auth_ons_distr),E07000087,Fareham,
Accident,local_authority_ons_district (loc_auth_ons_distr),E07000088,Gosport,
Accident,local_authority_ons_district (loc_auth_ons_distr),E07000089,Hart,
Accident,local_authority_ons_district (loc_auth_ons_distr),E07000090,Havant,
Accident,local_authority_ons_district (loc_auth_ons_distr),E07000091,New Forest,
Accident,local_authority_ons_district (loc_auth_ons_distr),E07000092,Rushmoor,
Accident,local_authority_ons_district (loc_auth_ons_distr),E07000093,Test Valley,
Accident,local_authority_ons_district (loc_auth_ons_distr),E07000094,Winchester,
Accident,local_authority_ons_district (loc_auth_ons_distr),E07000095,Broxbourne,
Accident,local_authority_ons_district (loc_auth_ons_distr),E07000096,Dacorum,
Accident,local_authority_ons_district (loc_auth_ons_distr),E07000097,East Hertfordshire,
Accident,local_authority_ons_district (loc_auth_ons_distr),E07000098,Hertsmere,
Accident,local_authority_ons_district (loc_auth_ons_distr),E07000099,North Hertfordshire,
Accident,local_authority_ons_district (loc_auth_ons_distr),E07000100,St Albans,
Accident,local_authority_ons_district (loc_auth_ons_distr),E07000101,Stevenage,
Accident,local_authority_ons_district (loc_auth_ons_distr),E07000102,Three Rivers,
Accident,local_authority_ons_district (loc_auth_ons_distr),E07000103,Watford,
Accident,local_authority_ons_district (loc_auth_ons_distr),E07000104,Welwyn Hatfield,
Accident,local_authority_ons_district (loc_auth_ons_distr),E07000105,Ashford,
Accident,local_authority_ons_district (loc_auth_ons_distr),E07000106,Canterbury,
Accident,local_authority_ons_district (loc_auth_ons_distr),E07000107,Dartford,
Accident,local_authority_ons_district (loc_auth_ons_distr),E07000108,Dover,
Accident,local_authority_ons_district (loc_auth_ons_distr),E07000109,Gravesham,
Accident,local_authority_ons_district (loc_auth_ons_distr),E07000110,Maidstone,
Accident,local_authority_ons_district (loc_auth_ons_distr),E07000111,Sevenoaks,
Accident,local_authority_ons_district (loc_auth_ons_distr),E07000112,Shepway,
Accident,local_authority_ons_district (loc_auth_ons_distr),E07000113,Swale,
Accident,local_authority_ons_district (loc_auth_ons_distr),E07000114,Thanet,
Accident,local_authority_ons_district (loc_auth_ons_distr),E07000115,Tonbridge and Malling,
Accident,local_authority_ons_district (loc_auth_ons_distr),E07000116,Tunbridge Wells,
Accident,local_authority_ons_district (loc_auth_ons_distr),E07000117,Burnley,
Accident,local_authority_ons_district (loc_auth_ons_distr),E07000118,Chorley,
Accident,local_authority_ons_district (loc_auth_ons_distr),E07000119,Fylde,
Accident,local_authority_ons_district (loc_auth_ons_distr),E07000120,Hyndburn,
Accident,local_authority_ons_district (loc_auth_ons_distr),E07000121,Lancaster,
Accident,local_authority_ons_district (loc_auth_ons_distr),E07000122,Pendle,
Accident,local_authority_ons_district (loc_auth_ons_distr),E07000123,Preston,
Accident,local_authority_ons_district (loc_auth_ons_distr),E07000124,Ribble Valley,
Accident,local_authority_ons_district (loc_auth_ons_distr),E07000125,Rossendale,
Accident,local_authority_ons_district (loc_auth_ons_distr),E07000126,South Ribble,
Accident,local_authority_ons_district (loc_auth_ons_distr),E07000127,West Lancashire,
Accident,local_authority_ons_district (loc_auth_ons_distr),E07000128,Wyre,
Accident,local_authority_ons_district (loc_auth_ons_distr),E07000129,Blaby,
Accident,local_authority_ons_district (loc_auth_ons_distr),E07000130,Charnwood,
Accident,local_authority_ons_district (loc_auth_ons_distr),E07000131,Harborough,
Accident,local_authority_ons_district (loc_auth_ons_distr),E07000132,Hinckley and Bosworth,
Accident,local_authority_ons_district (loc_auth_ons_distr),E07000133,Melton,
Accident,local_authority_ons_district (loc_auth_ons_distr),E07000134,North West Leicestershire,
Accident,local_authority_ons_district (loc_auth_ons_distr),E07000135,Oadby and Wigston,
Accident,local_authority_ons_district (loc_auth_ons_distr),E07000136,Boston,
Accident,local_authority_ons_district (loc_auth_ons_distr),E07000137,East Lindsey,
Accident,local_authority_ons_district (loc_auth_ons_distr),E07000138,Lincoln,
Accident,local_authority_ons_district (loc_auth_ons_distr),E07000139,North Kesteven,
Accident,local_authority_ons_district (loc_auth_ons_distr),E07000140,South Holland,
Accident,local_authority_ons_district (loc_auth_ons_distr),E07000141,South Kesteven,
Accident,local_authority_ons_district (loc_auth_ons_distr),E07000142,West Lindsey,
Accident,local_authority_ons_district (loc_auth_ons_distr),E07000143,Breckland,
Accident,local_authority_ons_district (loc_auth_ons_distr),E07000144,Broadland,
Accident,local_authority_ons_district (loc_auth_ons_distr),E07000145,Great Yarmouth,
Accident,local_authority_ons_district (loc_auth_ons_distr),E07000146,King's Lynn and West Norfolk,
Accident,local_authority_ons_district (loc_auth_ons_distr),E07000147,North Norfolk,
Accident,local_authority_ons_district (loc_auth_ons_distr),E07000148,Norwich,
Accident,local_authority_ons_district (loc_auth_ons_distr),E07000149,South Norfolk,
Accident,local_authority_ons_district (loc_auth_ons_distr),E07000150,Corby,
Accident,local_authority_ons_district (loc_auth_ons_distr),E07000151,Daventry,
Accident,local_authority_ons_district (loc_auth_ons_distr),E07000152,East Northamptonshire,
Accident,local_authority_ons_district (loc_auth_ons_distr),E07000153,Kettering,
Accident,local_authority_ons_district (loc_auth_ons_distr),E07000154,Northampton,
Accident,local_authority_ons_district (loc_auth_ons_distr),E07000155,South Northamptonshire,
Accident,local_authority_ons_district (loc_auth_ons_distr),E07000156,Wellingborough,
Accident,local_authority_ons_district (loc_auth_ons_distr),E07000163,Craven,
Accident,local_authority_ons_district (loc_auth_ons_distr),E07000164,Hambleton,
Accident,local_authority_ons_district (loc_auth_ons_distr),E07000165,Harrogate,
Accident,local_authority_ons_district (loc_auth_ons_distr),E07000166,Richmondshire,
Accident,local_authority_ons_district (loc_auth_ons_distr),E07000167,Ryedale,
Accident,local_authority_ons_district (loc_auth_ons_distr),E07000168,Scarborough,
Accident,local_authority_ons_district (loc_auth_ons_distr),E07000169,Selby,
Accident,local_authority_ons_district (loc_auth_ons_distr),E07000170,Ashfield,
Accident,local_authority_ons_district (loc_auth_ons_distr),E07000171,Bassetlaw,
Accident,local_authority_ons_district (loc_auth_ons_distr),E07000172,Broxtowe,
Accident,local_authority_ons_district (loc_auth_ons_distr),E07000173,Gedling,
Accident,local_authority_ons_district (loc_auth_ons_distr),E07000174,Mansfield,
Accident,local_authority_ons_district (loc_auth_ons_distr),E07000175,Newark and Sherwood,
Accident,local_authority_ons_district (loc_auth_ons_distr),E07000176,Rushcliffe,
Accident,local_authority_ons_district (loc_auth_ons_distr),E07000177,Cherwell,
Accident,local_authority_ons_district (loc_auth_ons_distr),E07000178,Oxford,
Accident,local_authority_ons_district (loc_auth_ons_distr),E07000179,South Oxfordshire,
Accident,local_authority_ons_district (loc_auth_ons_distr),E07000180,Vale of White Horse,
Accident,local_authority_ons_district (loc_auth_ons_distr),E07000181,West Oxfordshire,
Accident,local_authority_ons_district (loc_auth_ons_distr),E07000187,Mendip,
Accident,local_authority_ons_district (loc_auth_ons_distr),E07000188,Sedgemoor,
Accident,local_authority_ons_district (loc_auth_ons_distr),E07000189,South Somerset,
Accident,local_authority_ons_district (loc_auth_ons_distr),E07000190,Taunton Deane,
Accident,local_authority_ons_district (loc_auth_ons_distr),E07000191,West Somerset,
Accident,local_authority_ons_district (loc_auth_ons_distr),E07000192,Cannock Chase,
Accident,local_authority_ons_district (loc_auth_ons_distr),E07000193,East Staffordshire,
Accident,local_authority_ons_district (loc_auth_ons_distr),E07000194,Lichfield,
Accident,local_authority_ons_district (loc_auth_ons_distr),E07000195,Newcastle-under-Lyme,
Accident,local_authority_ons_district (loc_auth_ons_distr),E07000196,South Staffordshire,
Accident,local_authority_ons_district (loc_auth_ons_distr),E07000197,Stafford,
Accident,local_authority_ons_district (loc_auth_ons_distr),E07000198,Staffordshire Moorlands,
Accident,local_authority_ons_district (loc_auth_ons_distr),E07000199,Tamworth,
Accident,local_authority_ons_district (loc_auth_ons_distr),E07000200,Babergh,
Accident,local_authority_ons_district (loc_auth_ons_distr),E07000201,Forest Heath,
Accident,local_authority_ons_district (loc_auth_ons_distr),E07000202,Ipswich,
Accident,local_authority_ons_district (loc_auth_ons_distr),E07000203,Mid Suffolk,
Accident,local_authority_ons_district (loc_auth_ons_distr),E07000204,St Edmundsbury,
Accident,local_authority_ons_district (loc_auth_ons_distr),E07000205,Suffolk Coastal,
Accident,local_authority_ons_district (loc_auth_ons_distr),E07000206,Waveney,
Accident,local_authority_ons_district (loc_auth_ons_distr),E07000207,Elmbridge,
Accident,local_authority_ons_district (loc_auth_ons_distr),E07000208,Epsom and Ewell,
Accident,local_authority_ons_district (loc_auth_ons_distr),E07000209,Guildford,
Accident,local_authority_ons_district (loc_auth_ons_distr),E07000210,Mole Valley,
Accident,local_authority_ons_district (loc_auth_ons_distr),E07000211,Reigate and Banstead,
Accident,local_authority_ons_district (loc_auth_ons_distr),E07000212,Runnymede,
Accident,local_authority_ons_district (loc_auth_ons_distr),E07000213,Spelthorne,
Accident,local_authority_ons_district (loc_auth_ons_distr),E07000214,Surrey Heath,
Accident,local_authority_ons_district (loc_auth_ons_distr),E07000215,Tandridge,
Accident,local_authority_ons_district (loc_auth_ons_distr),E07000216,Waverley,
Accident,local_authority_ons_district (loc_auth_ons_distr),E07000217,Woking,
Accident,local_authority_ons_district (loc_auth_ons_distr),E07000218,North Warwickshire,
Accident,local_authority_ons_district (loc_auth_ons_distr),E07000219,Nuneaton and Bedworth,
Accident,local_authority_ons_district (loc_auth_ons_distr),E07000220,Rugby ,
Accident,local_authority_ons_district (loc_auth_ons_distr),E07000221,Stratford-on-Avon,
Accident,local_authority_ons_district (loc_auth_ons_distr),E07000222,Warwick,
Accident,local_authority_ons_district (loc_auth_ons_distr),E07000223,Adur,
Accident,local_authority_ons_district (loc_auth_ons_distr),E07000224,Arun,
Accident,local_authority_ons_district (loc_auth_ons_distr),E07000225,Chichester,
Accident,local_authority_ons_district (loc_auth_ons_distr),E07000226,Crawley,
Accident,local_authority_ons_district (loc_auth_ons_distr),E07000227,Horsham,
Accident,local_authority_ons_district (loc_auth_ons_distr),E07000228,Mid Sussex,
Accident,local_authority_ons_district (loc_auth_ons_distr),E07000229,Worthing,
Accident,local_authority_ons_district (loc_auth_ons_distr),E07000234,Bromsgrove,
Accident,local_authority_ons_district (loc_auth_ons_distr),E07000235,Malvern Hills,
Accident,local_authority_ons_district (loc_auth_ons_distr),E07000236,Redditch,
Accident,local_authority_ons_district (loc_auth_ons_distr),E07000237,Worcester,
Accident,local_authority_ons_district (loc_auth_ons_distr),E07000238,Wychavon,
Accident,local_authority_ons_district (loc_auth_ons_distr),E07000239,Wyre Forest,
Accident,local_authority_ons_district (loc_auth_ons_distr),E07000240,St Albans,
Accident,local_authority_ons_district (loc_auth_ons_distr),E07000241,Welwyn Hatfield,
Accident,local_authority_ons_district (loc_auth_ons_distr),E07000242,East Hertfordshire,
Accident,local_authority_ons_district (loc_auth_ons_distr),E07000243,Stevenage,
Accident,local_authority_ons_district (loc_auth_ons_distr),E07000244,East Suffolk,
Accident,local_authority_ons_district (loc_auth_ons_distr),E07000245,West Suffolk,
Accident,local_authority_ons_district (loc_auth_ons_distr),E08000001,Bolton,
Accident,local_authority_ons_district (loc_auth_ons_distr),E08000002,Bury,
Accident,local_authority_ons_district (loc_auth_ons_distr),E08000003,Manchester,
Accident,local_authority_ons_district (loc_auth_ons_distr),E08000004,Oldham,
Accident,local_authority_ons_district (loc_auth_ons_distr),E08000005,Rochdale,
Accident,local_authority_ons_district (loc_auth_ons_distr),E08000006,Salford,
Accident,local_authority_ons_district (loc_auth_ons_distr),E08000007,Stockport,
Accident,local_authority_ons_district (loc_auth_ons_distr),E08000008,Tameside,
Accident,local_authority_ons_district (loc_auth_ons_distr),E08000009,Trafford,
Accident,local_authority_ons_district (loc_auth_ons_distr),E08000010,Wigan,
Accident,local_authority_ons_district (loc_auth_ons_distr),E08000011,Knowsley,
Accident,local_authority_ons_district (loc_auth_ons_distr),E08000012,Liverpool,
Accident,local_authority_ons_district (loc_auth_ons_distr),E08000013,St. Helens,
Accident,local_authority_ons_district (loc_auth_ons_distr),E08000014,Sefton,
Accident,local_authority_ons_district (loc_auth_ons_distr),E08000015,Wirral,
Accident,local_authority_ons_district (loc_auth_ons_distr),E08000016,Barnsley,
Accident,local_authority_ons_district (loc_auth_ons_distr),E08000017,Doncaster,
Accident,local_authority_ons_district (loc_auth_ons_distr),E08000018,Rotherham,
Accident,local_authority_ons_district (loc_auth_ons_distr),E08000019,Sheffield,
Accident,local_authority_ons_district (loc_auth_ons_distr),E08000020,Gateshead,
Accident,local_authority_ons_district (loc_auth_ons_distr),E08000021,Newcastle upon Tyne,
Accident,local_authority_ons_district (loc_auth_ons_distr),E08000022,North Tyneside,
Accident,local_authority_ons_district (loc_auth_ons_distr),E08000023,South Tyneside,
Accident,local_authority_ons_district (loc_auth_ons_distr),E08000024,Sunderland,
Accident,local_authority_ons_district (loc_auth_ons_distr),E08000025,Birmingham,
Accident,local_authority_ons_district (loc_auth_ons_distr),E08000026,Coventry,
Accident,local_authority_ons_district (loc_auth_ons_distr),E08000027,Dudley,
Accident,local_authority_ons_district (loc_auth_ons_distr),E08000028,Sandwell,
Accident,local_authority_ons_district (loc_auth_ons_distr),E08000029,Solihull,
Accident,local_authority_ons_district (loc_auth_ons_distr),E08000030,Walsall,
Accident,local_authority_ons_district (loc_auth_ons_distr),E08000031,Wolverhampton,
Accident,local_authority_ons_district (loc_auth_ons_distr),E08000032,Bradford,
Accident,local_authority_ons_district (loc_auth_ons_distr),E08000033,Calderdale,
Accident,local_authority_ons_district (loc_auth_ons_distr),E08000034,Kirklees,
Accident,local_authority_ons_district (loc_auth_ons_distr),E08000035,Leeds,
Accident,local_authority_ons_district (loc_auth_ons_distr),E08000037,Gateshead,
Accident,local_authority_ons_district (loc_auth_ons_distr),E08000036,Wakefield,
Accident,local_authority_ons_district (loc_auth_ons_distr),E09000001,City of London,
Accident,local_authority_ons_district (loc_auth_ons_distr),E09000001,City of London,
Accident,local_authority_ons_district (loc_auth_ons_distr),E09000002,Barking and Dagenham,
Accident,local_authority_ons_district (loc_auth_ons_distr),E09000003,Barnet,
Accident,local_authority_ons_district (loc_auth_ons_distr),E09000004,Bexley,
Accident,local_authority_ons_district (loc_auth_ons_distr),E09000005,Brent,
Accident,local_authority_ons_district (loc_auth_ons_distr),E09000006,Bromley,
Accident,local_authority_ons_district (loc_auth_ons_distr),E09000007,Camden,
Accident,local_authority_ons_district (loc_auth_ons_distr),E09000008,Croydon,
Accident,local_authority_ons_district (loc_auth_ons_distr),E09000009,Ealing,
Accident,local_authority_ons_district (loc_auth_ons_distr),E09000010,Enfield,
Accident,local_authority_ons_district (loc_auth_ons_distr),E09000011,Greenwich,
Accident,local_authority_ons_district (loc_auth_ons_distr),E09000012,Hackney,
Accident,local_authority_ons_district (loc_auth_ons_distr),E09000013,Hammersmith and Fulham,
Accident,local_authority_ons_district (loc_auth_ons_distr),E09000014,Haringey,
Accident,local_authority_ons_district (loc_auth_ons_distr),E09000015,Harrow,
Accident,local_authority_ons_district (loc_auth_ons_distr),E09000016,Havering,
Accident,local_authority_ons_district (loc_auth_ons_distr),E09000017,Hillingdon,
Accident,local_authority_ons_district (loc_auth_ons_distr),E09000018,Hounslow,
Accident,local_authority_ons_district (loc_auth_ons_distr),E09000019,Islington,
Accident,local_authority_ons_district (loc_auth_ons_distr),E09000020,Kensington and Chelsea,
Accident,local_authority_ons_district (loc_auth_ons_distr),E09000021,Kingston upon Thames,
Accident,local_authority_ons_district (loc_auth_ons_distr),E09000022,Lambeth,
Accident,local_authority_ons_district (loc_auth_ons_distr),E09000023,Lewisham,
Accident,local_authority_ons_district (loc_auth_ons_distr),E09000024,Merton,
Accident,local_authority_ons_district (loc_auth_ons_distr),E09000025,Newham,
Accident,local_authority_ons_district (loc_auth_ons_distr),E09000026,Redbridge,
Accident,local_authority_ons_district (loc_auth_ons_distr),E09000027,Richmond upon Thames,
Accident,local_authority_ons_district (loc_auth_ons_distr),E09000028,Southwark,
Accident,local_authority_ons_district (loc_auth_ons_distr),E09000029,Sutton,
Accident,local_authority_ons_district (loc_auth_ons_distr),E09000030,Tower Hamlets,
Accident,local_authority_ons_district (loc_auth_ons_distr),E09000031,Waltham Forest,
Accident,local_authority_ons_district (loc_auth_ons_distr),E09000032,Wandsworth,
Accident,local_authority_ons_district (loc_auth_ons_distr),E09000033,Westminster,
Accident,local_authority_ons_district (loc_auth_ons_distr),EHEATHROW,London Airport (Heathrow),
Accident,local_authority_ons_district (loc_auth_ons_distr),S12000005,Clackmannanshire,
Accident,local_authority_ons_district (loc_auth_ons_distr),S12000006,Dumfries and Galloway,
Accident,local_authority_ons_district (loc_auth_ons_distr),S12000008,East Ayrshire,
Accident,local_authority_ons_district (loc_auth_ons_distr),S12000009,East Dunbartonshire,
Accident,local_authority_ons_district (loc_auth_ons_distr),S12000010,East Lothian,
Accident,local_authority_ons_district (loc_auth_ons_distr),S12000011,East Renfrewshire,
Accident,local_authority_ons_district (loc_auth_ons_distr),S12000013,Comhairle nan Eilean Siar,
Accident,local_authority_ons_district (loc_auth_ons_distr),S12000014,Falkirk,
Accident,local_authority_ons_district (loc_auth_ons_distr),S12000015,Fife,
Accident,local_authority_ons_district (loc_auth_ons_distr),S12000017,Highland,
Accident,local_authority_ons_district (loc_auth_ons_distr),S12000018,Inverclyde,
Accident,local_authority_ons_district (loc_auth_ons_distr),S12000019,Midlothian,
Accident,local_authority_ons_district (loc_auth_ons_distr),S12000020,Moray,
Accident,local_authority_ons_district (loc_auth_ons_distr),S12000021,North Ayrshire,
Accident,local_authority_ons_district (loc_auth_ons_distr),S12000023,Orkney Islands,
Accident,local_authority_ons_district (loc_auth_ons_distr),S12000024,Perth and Kinross,
Accident,local_authority_ons_district (loc_auth_ons_distr),S12000026,Scottish Borders,
Accident,local_authority_ons_district (loc_auth_ons_distr),S12000027,Shetland Islands,
Accident,local_authority_ons_district (loc_auth_ons_distr),S12000028,South Ayrshire,
Accident,local_authority_ons_district (loc_auth_ons_distr),S12000029,South Lanarkshire,
Accident,local_authority_ons_district (loc_auth_ons_distr),S12000030,Stirling,
Accident,local_authority_ons_district (loc_auth_ons_distr),S12000033,Aberdeen City,
Accident,local_authority_ons_district (loc_auth_ons_distr),S12000034,Aberdeenshire,
Accident,local_authority_ons_district (loc_auth_ons_distr),S12000035,Argyll and Bute,
Accident,local_authority_ons_district (loc_auth_ons_distr),S12000036,City of Edinburgh,
Accident,local_authority_ons_district (loc_auth_ons_distr),S12000038,Renfrewshire,
Accident,local_authority_ons_district (loc_auth_ons_distr),S12000039,West Dunbartonshire,
Accident,local_authority_ons_district (loc_auth_ons_distr),S12000040,West Lothian,
Accident,local_authority_ons_district (loc_auth_ons_distr),S12000041,Angus,
Accident,local_authority_ons_district (loc_auth_ons_distr),S12000042,Dundee City,
Accident,local_authority_ons_district (loc_auth_ons_distr),S12000043,Glasgow City,
Accident,local_authority_ons_district (loc_auth_ons_distr),S12000044,North Lanarkshire,
Accident,local_authority_ons_district (loc_auth_ons_distr),S12000045,East Dunbartonshire,
Accident,local_authority_ons_district (loc_auth_ons_distr),S12000046,Glasgow City,
Accident,local_authority_ons_district (loc_auth_ons_distr),S12000047,Fife,
Accident,local_authority_ons_district (loc_auth_ons_distr),S12000048,Perth and Kinross,
Accident,local_authority_ons_district (loc_auth_ons_distr),S12000049,Glasgow City,
Accident,local_authority_ons_district (loc_auth_ons_distr),S12000050,North Lanarkshire,
Accident,local_authority_ons_district (loc_auth_ons_distr),W06000001,Isle of Anglesey,
Accident,local_authority_ons_district (loc_auth_ons_distr),W06000002,Gwynedd,
Accident,local_authority_ons_district (loc_auth_ons_distr),W06000003,Conwy,
Accident,local_authority_ons_district (loc_auth_ons_distr),W06000004,Denbighshire,
Accident,local_authority_ons_district (loc_auth_ons_distr),W06000005,Flintshire,
Accident,local_authority_ons_district (loc_auth_ons_distr),W06000006,Wrexham,
Accident,local_authority_ons_district (loc_auth_ons_distr),W06000008,Ceredigion,
Accident,local_authority_ons_district (loc_auth_ons_distr),W06000009,Pembrokeshire,
Accident,local_authority_ons_district (loc_auth_ons_distr),W06000010,Carmarthenshire,
Accident,local_authority_ons_district (loc_auth_ons_distr),W06000011,Swansea,
Accident,local_authority_ons_district (loc_auth_ons_distr),W06000012,Neath Port Talbot,
Accident,local_authority_ons_district (loc_auth_ons_distr),W06000013,Bridgend,
Accident,local_authority_ons_district (loc_auth_ons_distr),W06000014,Vale of Glamorgan,
Accident,local_authority_ons_district (loc_auth_ons_distr),W06000015,Cardiff,
Accident,local_authority_ons_district (loc_auth_ons_distr),W06000016,Rhondda Cynon Taf,
Accident,local_authority_ons_district (loc_auth_ons_distr),W06000018,Caerphilly,
Accident,local_authority_ons_district (loc_auth_ons_distr),W06000019,Blaenau Gwent,
Accident,local_authority_ons_district (loc_auth_ons_distr),W06000020,Torfaen,
Accident,local_authority_ons_district (loc_auth_ons_distr),W06000021,Monmouthshire,
Accident,local_authority_ons_district (loc_auth_ons_distr),W06000022,Newport,
Accident,local_authority_ons_district (loc_auth_ons_distr),W06000023,Powys,
Accident,local_authority_ons_district (loc_auth_ons_distr),W06000024,Merthyr Tydfil,
Accident,local_authority_ons_district (loc_auth_ons_distr),-1,Record predates use of local_authority_ons_district,
Accident,local_authority_highway (loc_auth_highw),E06000001,Hartlepool,
Accident,local_authority_highway (loc_auth_highw),E06000002,Middlesbrough,
Accident,local_authority_highway (loc_auth_highw),E06000003,Redcar and Cleveland,
Accident,local_authority_highway (loc_auth_highw),E06000004,Stockton-on-Tees,
Accident,local_authority_highway (loc_auth_highw),E06000005,Darlington,
Accident,local_authority_highway (loc_auth_highw),E06000006,Halton,
Accident,local_authority_highway (loc_auth_highw),E06000007,Warrington,
Accident,local_authority_highway (loc_auth_highw),E06000008,Blackburn with Darwen,
Accident,local_authority_highway (loc_auth_highw),E06000009,Blackpool,
Accident,local_authority_highway (loc_auth_highw),E06000010,"Kingston upon Hull, City of",
Accident,local_authority_highway (loc_auth_highw),E06000011,East Riding of Yorkshire,
Accident,local_authority_highway (loc_auth_highw),E06000012,North East Lincolnshire,
Accident,local_authority_highway (loc_auth_highw),E06000013,North Lincolnshire,
Accident,local_authority_highway (loc_auth_highw),E06000014,York,
Accident,local_authority_highway (loc_auth_highw),E06000015,Derby,
Accident,local_authority_highway (loc_auth_highw),E06000016,Leicester,
Accident,local_authority_highway (loc_auth_highw),E06000017,Rutland,
Accident,local_authority_highway (loc_auth_highw),E06000018,Nottingham,
Accident,local_authority_highway (loc_auth_highw),E06000019,"Herefordshire, County of ",
Accident,local_authority_highway (loc_auth_highw),E06000020,Telford and Wrekin,
Accident,local_authority_highway (loc_auth_highw),E06000021,Stoke-on-Trent,
Accident,local_authority_highway (loc_auth_highw),E06000022,Bath and North East Somerset,
Accident,local_authority_highway (loc_auth_highw),E06000023,"Bristol, City of",
Accident,local_authority_highway (loc_auth_highw),E06000024,North Somerset,
Accident,local_authority_highway (loc_auth_highw),E06000025,South Gloucestershire,
Accident,local_authority_highway (loc_auth_highw),E06000026,Plymouth,
Accident,local_authority_highway (loc_auth_highw),E06000027,Torbay,
Accident,local_authority_highway (loc_auth_highw),E06000028,Bournemouth,
Accident,local_authority_highway (loc_auth_highw),E06000029,Poole,
Accident,local_authority_highway (loc_auth_highw),E06000030,Swindon,
Accident,local_authority_highway (loc_auth_highw),E06000031,Peterborough,
Accident,local_authority_highway (loc_auth_highw),E06000032,Luton,
Accident,local_authority_highway (loc_auth_highw),E06000033,Southend-on-Sea,
Accident,local_authority_highway (loc_auth_highw),E06000034,Thurrock,
Accident,local_authority_highway (loc_auth_highw),E06000035,Medway,
Accident,local_authority_highway (loc_auth_highw),E06000036,Bracknell Forest,
Accident,local_authority_highway (loc_auth_highw),E06000037,West Berkshire,
Accident,local_authority_highway (loc_auth_highw),E06000038,Reading,
Accident,local_authority_highway (loc_auth_highw),E06000039,Slough,
Accident,local_authority_highway (loc_auth_highw),E06000040,Windsor and Maidenhead,
Accident,local_authority_highway (loc_auth_highw),E06000041,Wokingham,
Accident,local_authority_highway (loc_auth_highw),E06000042,Milton Keynes,
Accident,local_authority_highway (loc_auth_highw),E06000043,Brighton and Hove,
Accident,local_authority_highway (loc_auth_highw),E06000044,Portsmouth,
Accident,local_authority_highway (loc_auth_highw),E06000045,Southampton ,
Accident,local_authority_highway (loc_auth_highw),E06000046,Isle of Wight,
Accident,local_authority_highway (loc_auth_highw),E06000047,County Durham,
Accident,local_authority_highway (loc_auth_highw),E06000048,Northumberland,
Accident,local_authority_highway (loc_auth_highw),E06000049,Cheshire East,
Accident,local_authority_highway (loc_auth_highw),E06000050,Cheshire West and Chester,
Accident,local_authority_highway (loc_auth_highw),E06000051,Shropshire,
Accident,local_authority_highway (loc_auth_highw),E06000052,Cornwall,
Accident,local_authority_highway (loc_auth_highw),E06000053,Isles of Scilly,
Accident,local_authority_highway (loc_auth_highw),E06000054,Wiltshire,
Accident,local_authority_highway (loc_auth_highw),E06000055,Bedford,
Accident,local_authority_highway (loc_auth_highw),E06000056,Central Bedfordshire,
Accident,local_authority_highway (loc_auth_highw),E06000057,Northumberland,
Accident,local_authority_highway (loc_auth_highw),E06000058,"Bournemouth, Christchurch and Poole",
Accident,local_authority_highway (loc_auth_highw),E06000059,Dorset (excluding Christchurch),
Accident,local_authority_highway (loc_auth_highw),E06000060,Buckinghamshire,
Accident,local_authority_highway (loc_auth_highw),E06000061,North Northamptonshire,
Accident,local_authority_highway (loc_auth_highw),E06000062,West Northamptonshire,
Accident,local_authority_highway (loc_auth_highw),E08000001,Bolton,
Accident,local_authority_highway (loc_auth_highw),E08000002,Bury,
Accident,local_authority_highway (loc_auth_highw),E08000003,Manchester,
Accident,local_authority_highway (loc_auth_highw),E08000004,Oldham,
Accident,local_authority_highway (loc_auth_highw),E08000005,Rochdale,
Accident,local_authority_highway (loc_auth_highw),E08000006,Salford,
Accident,local_authority_highway (loc_auth_highw),E08000007,Stockport,
Accident,local_authority_highway (loc_auth_highw),E08000008,Tameside,
Accident,local_authority_highway (loc_auth_highw),E08000009,Trafford,
Accident,local_authority_highway (loc_auth_highw),E08000010,Wigan,
Accident,local_authority_highway (loc_auth_highw),E08000011,Knowsley,
Accident,local_authority_highway (loc_auth_highw),E08000012,Liverpool,
Accident,local_authority_highway (loc_auth_highw),E08000013,St. Helens,
Accident,local_authority_highway (loc_auth_highw),E08000014,Sefton,
Accident,local_authority_highway (loc_auth_highw),E08000015,Wirral,
Accident,local_authority_highway (loc_auth_highw),E08000016,Barnsley,
Accident,local_authority_highway (loc_auth_highw),E08000017,Doncaster,
Accident,local_authority_highway (loc_auth_highw),E08000018,Rotherham,
Accident,local_authority_highway (loc_auth_highw),E08000019,Sheffield,
Accident,local_authority_highway (loc_auth_highw),E08000020,Gateshead,
Accident,local_authority_highway (loc_auth_highw),E08000021,Newcastle upon Tyne,
Accident,local_authority_highway (loc_auth_highw),E08000022,North Tyneside,
Accident,local_authority_highway (loc_auth_highw),E08000023,South Tyneside,
Accident,local_authority_highway (loc_auth_highw),E08000024,Sunderland,
Accident,local_authority_highway (loc_auth_highw),E08000025,Birmingham,
Accident,local_authority_highway (loc_auth_highw),E08000026,Coventry,
Accident,local_authority_highway (loc_auth_highw),E08000027,Dudley,
Accident,local_authority_highway (loc_auth_highw),E08000028,Sandwell,
Accident,local_authority_highway (loc_auth_highw),E08000029,Solihull,
Accident,local_authority_highway (loc_auth_highw),E08000030,Walsall,
Accident,local_authority_highway (loc_auth_highw),E08000031,Wolverhampton,
Accident,local_authority_highway (loc_auth_highw),E08000032,Bradford,
Accident,local_authority_highway (loc_auth_highw),E08000033,Calderdale,
Accident,local_authority_highway (loc_auth_highw),E08000034,Kirklees,
Accident,local_authority_highway (loc_auth_highw),E08000035,Leeds,
Accident,local_authority_highway (loc_auth_highw),E08000037,Gateshead,
Accident,local_authority_highway (loc_auth_highw),E08000036,Wakefield,
Accident,local_authority_highway (loc_auth_highw),E09000001,City of London,
Accident,local_authority_highway (loc_auth_highw),E09000002,Barking and Dagenham,
Accident,local_authority_highway (loc_auth_highw),E09000003,Barnet,
Accident,local_authority_highway (loc_auth_highw),E09000004,Bexley,
Accident,local_authority_highway (loc_auth_highw),E09000005,Brent,
Accident,local_authority_highway (loc_auth_highw),E09000006,Bromley,
Accident,local_authority_highway (loc_auth_highw),E09000007,Camden,
Accident,local_authority_highway (loc_auth_highw),E09000008,Croydon,
Accident,local_authority_highway (loc_auth_highw),E09000009,Ealing,
Accident,local_authority_highway (loc_auth_highw),E09000010,Enfield,
Accident,local_authority_highway (loc_auth_highw),E09000011,Greenwich,
Accident,local_authority_highway (loc_auth_highw),E09000012,Hackney,
Accident,local_authority_highway (loc_auth_highw),E09000013,Hammersmith and Fulham,
Accident,local_authority_highway (loc_auth_highw),E09000014,Haringey,
Accident,local_authority_highway (loc_auth_highw),E09000015,Harrow,
Accident,local_authority_highway (loc_auth_highw),E09000016,Havering,
Accident,local_authority_highway (loc_auth_highw),E09000017,Hillingdon,
Accident,local_authority_highway (loc_auth_highw),E09000018,Hounslow,
Accident,local_authority_highway (loc_auth_highw),E09000019,Islington,
Accident,local_authority_highway (loc_auth_highw),E09000020,Kensington and Chelsea,
Accident,local_authority_highway (loc_auth_highw),E09000021,Kingston upon Thames,
Accident,local_authority_highway (loc_auth_highw),E09000022,Lambeth,
Accident,local_authority_highway (loc_auth_highw),E09000023,Lewisham,
Accident,local_authority_highway (loc_auth_highw),E09000024,Merton,
Accident,local_authority_highway (loc_auth_highw),E09000025,Newham,
Accident,local_authority_highway (loc_auth_highw),E09000026,Redbridge,
Accident,local_authority_highway (loc_auth_highw),E09000027,Richmond upon Thames,
Accident,local_authority_highway (loc_auth_highw),E09000028,Southwark,
Accident,local_authority_highway (loc_auth_highw),E09000029,Sutton,
Accident,local_authority_highway (loc_auth_highw),E09000030,Tower Hamlets,
Accident,local_authority_highway (loc_auth_highw),E09000031,Waltham Forest,
Accident,local_authority_highway (loc_auth_highw),E09000032,Wandsworth,
Accident,local_authority_highway (loc_auth_highw),E09000033,Westminster,
Accident,local_authority_highway (loc_auth_highw),E10000002,Buckinghamshire,
Accident,local_authority_highway (loc_auth_highw),E10000003,Cambridgeshire,
Accident,local_authority_highway (loc_auth_highw),E10000006,Cumbria,
Accident,local_authority_highway (loc_auth_highw),E10000007,Derbyshire,
Accident,local_authority_highway (loc_auth_highw),E10000008,Devon,
Accident,local_authority_highway (loc_auth_highw),E10000009,Dorset,
Accident,local_authority_highway (loc_auth_highw),E10000011,East Sussex,
Accident,local_authority_highway (loc_auth_highw),E10000012,Essex,
Accident,local_authority_highway (loc_auth_highw),E10000013,Gloucestershire,
Accident,local_authority_highway (loc_auth_highw),E10000014,Hampshire,
Accident,local_authority_highway (loc_auth_highw),E10000015,Hertfordshire,
Accident,local_authority_highway (loc_auth_highw),E10000016,Kent,
Accident,local_authority_highway (loc_auth_highw),E10000017,Lancashire,
Accident,local_authority_highway (loc_auth_highw),E10000018,Leicestershire,
Accident,local_authority_highway (loc_auth_highw),E10000019,Lincolnshire,
Accident,local_authority_highway (loc_auth_highw),E10000020,Norfolk,
Accident,local_authority_highway (loc_auth_highw),E10000021,Northamptonshire,
Accident,local_authority_highway (loc_auth_highw),E10000023,North Yorkshire,
Accident,local_authority_highway (loc_auth_highw),E10000024,Nottinghamshire,
Accident,local_authority_highway (loc_auth_highw),E10000025,Oxfordshire,
Accident,local_authority_highway (loc_auth_highw),E10000027,Somerset,
Accident,local_authority_highway (loc_auth_highw),E10000028,Staffordshire,
Accident,local_authority_highway (loc_auth_highw),E10000029,Suffolk,
Accident,local_authority_highway (loc_auth_highw),E10000030,Surrey,
Accident,local_authority_highway (loc_auth_highw),E10000031,Warwickshire,
Accident,local_authority_highway (loc_auth_highw),E10000032,West Sussex,
Accident,local_authority_highway (loc_auth_highw),E10000034,Worcestershire,
Accident,local_authority_highway (loc_auth_highw),EHEATHROW,London Airport (Heathrow),
Accident,local_authority_highway (loc_auth_highw),S12000005,Clackmannanshire,
Accident,local_authority_highway (loc_auth_highw),S12000006,Dumfries & Galloway,
Accident,local_authority_highway (loc_auth_highw),S12000008,East Ayrshire,
Accident,local_authority_highway (loc_auth_highw),S12000009,East Dunbartonshire,
Accident,local_authority_highway (loc_auth_highw),S12000010,East Lothian,
Accident,local_authority_highway (loc_auth_highw),S12000011,East Renfrewshire,
Accident,local_authority_highway (loc_auth_highw),S12000013,Na h-Eileanan an Iar (Western Isles),
Accident,local_authority_highway (loc_auth_highw),S12000014,Falkirk,
Accident,local_authority_highway (loc_auth_highw),S12000015,Fife,
Accident,local_authority_highway (loc_auth_highw),S12000017,Highland,
Accident,local_authority_highway (loc_auth_highw),S12000018,Inverclyde,
Accident,local_authority_highway (loc_auth_highw),S12000019,Midlothian,
Accident,local_authority_highway (loc_auth_highw),S12000020,Moray,
Accident,local_authority_highway (loc_auth_highw),S12000021,North Ayrshire,
Accident,local_authority_highway (loc_auth_highw),S12000023,Orkney Islands,
Accident,local_authority_highway (loc_auth_highw),S12000024,Perth and Kinross,
Accident,local_authority_highway (loc_auth_highw),S12000026,Scottish Borders,
Accident,local_authority_highway (loc_auth_highw),S12000027,Shetland Islands,
Accident,local_authority_highway (loc_auth_highw),S12000028,South Ayrshire,
Accident,local_authority_highway (loc_auth_highw),S12000029,South Lanarkshire,
Accident,local_authority_highway (loc_auth_highw),S12000030,Stirling,
Accident,local_authority_highway (loc_auth_highw),S12000033,Aberdeen City,
Accident,local_authority_highway (loc_auth_highw),S12000034,Aberdeenshire,
Accident,local_authority_highway (loc_auth_highw),S12000035,Argyll & Bute,
Accident,local_authority_highway (loc_auth_highw),S12000036,"Edinburgh, City of",
Accident,local_authority_highway (loc_auth_highw),S12000038,Renfrewshire,
Accident,local_authority_highway (loc_auth_highw),S12000039,West Dunbartonshire,
Accident,local_authority_highway (loc_auth_highw),S12000040,West Lothian,
Accident,local_authority_highway (loc_auth_highw),S12000041,Angus,
Accident,local_authority_highway (loc_auth_highw),S12000042,Dundee City,
Accident,local_authority_highway (loc_auth_highw),S12000043,Glasgow City,
Accident,local_authority_highway (loc_auth_highw),S12000044,North Lanarkshire,
Accident,local_authority_highway (loc_auth_highw),S12000045,East Dunbartonshire,
Accident,local_authority_highway (loc_auth_highw),S12000047,Fife,
Accident,local_authority_highway (loc_auth_highw),S12000048,Perth and Kinross,
Accident,local_authority_highway (loc_auth_highw),S12000049,Glasgow City,
Accident,local_authority_highway (loc_auth_highw),S12000050,North Lanarkshire,
Accident,local_authority_highway (loc_auth_highw),W06000001,Isle of Anglesey,
Accident,local_authority_highway (loc_auth_highw),W06000002,Gwynedd,
Accident,local_authority_highway (loc_auth_highw),W06000003,Conwy,
Accident,local_authority_highway (loc_auth_highw),W06000004,Denbighshire,
Accident,local_authority_highway (loc_auth_highw),W06000005,Flintshire,
Accident,local_authority_highway (loc_auth_highw),W06000006,Wrexham,
Accident,local_authority_highway (loc_auth_highw),W06000008,Ceredigion,
Accident,local_authority_highway (loc_auth_highw),W06000009,Pembrokeshire,
Accident,local_authority_highway (loc_auth_highw),W06000010,Carmarthenshire,
Accident,local_authority_highway (loc_auth_highw),W06000011,Swansea,
Accident,local_authority_highway (loc_auth_highw),W06000012,Neath Port Talbot,
Accident,local_authority_highway (loc_auth_highw),W06000013,Bridgend,
Accident,local_authority_highway (loc_auth_highw),W06000014,The Vale of Glamorgan,
Accident,local_authority_highway (loc_auth_highw),W06000015,Cardiff,
Accident,local_authority_highway (loc_auth_highw),W06000016,"Rhondda, Cynon, Taff",
Accident,local_authority_highway (loc_auth_highw),W06000018,Caerphilly,
Accident,local_authority_highway (loc_auth_highw),W06000019,Blaenau Gwent,
Accident,local_authority_highway (loc_auth_highw),W06000020,Torfaen,
Accident,local_authority_highway (loc_auth_highw),W06000021,Monmouthshire,
Accident,local_authority_highway (loc_auth_highw),W06000022,Newport,
Accident,local_authority_highway (loc_auth_highw),W06000023,Powys,
Accident,local_authority_highway (loc_auth_highw),W06000024,Merthyr Tydfil,
Accident,local_authority_highway (loc_auth_highw),-1,Record predates use of local_authority_highway codes,
Accident,first_road_class,1,Motorway,
Accident,first_road_class,2,A(M),
Accident,first_road_class,3,A,
Accident,first_road_class,4,B,
Accident,first_road_class,5,C,
Accident,first_road_class,6,Unclassified,
Accident,first_road_class,-1,Data missing or out of range,
Accident,first_road_number (first_road_num),1 to 9999,Number range,
Accident,first_road_number (first_road_num),-1,Unknown,
Accident,first_road_number (first_road_num),0,first_road_class is C or Unclassified. These roads do not have official numbers so recorded as zero ,
Accident,road_type,1,Roundabout,
Accident,road_type,2,One way street,
Accident,road_type,3,Dual carriageway,
Accident,road_type,6,Single carriageway,
Accident,road_type,7,Slip road,
Accident,road_type,9,Unknown,
Accident,road_type,12,One way street/Slip road,
Accident,road_type,-1,Data missing or out of range,
Accident,speed_limit,,,"20,30,40,50,60,70 are the only valid speed limits on public highways"
Accident,speed_limit,-1,Data missing or out of range,
Accident,speed_limit,99,unknown (self reported),
Accident,junction_detail (junc_detail),0,Not at junction or within 20 metres,
Accident,junction_detail (junc_detail),1,Roundabout,
Accident,junction_detail (junc_detail),2,Mini-roundabout,
Accident,junction_detail (junc_detail),3,T or staggered junction,
Accident,junction_detail (junc_detail),5,Slip road,
Accident,junction_detail (junc_detail),6,Crossroads,
Accident,junction_detail (junc_detail),7,More than 4 arms (not roundabout),
Accident,junction_detail (junc_detail),8,Private drive or entrance,
Accident,junction_detail (junc_detail),9,Other junction,
Accident,junction_detail (junc_detail),99,unknown (self reported),
Accident,junction_detail (junc_detail),-1,Data missing or out of range,
Accident,junction_control (junc_con),0,Not at junction or within 20 metres,
Accident,junction_control (junc_con),1,Authorised person,
Accident,junction_control (junc_con),2,Auto traffic signal,
Accident,junction_control (junc_con),3,Stop sign,
Accident,junction_control (junc_con),4,Give way or uncontrolled,
Accident,junction_control (junc_con),-1,Data missing or out of range,
Accident,junction_control (junc_con),9,unknown (self reported),
Accident,second_road_class (sec_road_class),0,Not at junction or within 20 metres,
Accident,second_road_class (sec_road_class),1,Motorway,
Accident,second_road_class (sec_road_class),2,A(M),
Accident,second_road_class (sec_road_class),3,A,
Accident,second_road_class (sec_road_class),4,B,
Accident,second_road_class (sec_road_class),5,C,
Accident,second_road_class (sec_road_class),6,Unclassified,
Accident,second_road_class (sec_road_class),9,Unknown (self rep only),
Accident,second_road_class (sec_road_class),-1,Data missing or out of range,
Accident,second_road_number (sec_road_num),1 to 9999,Number range,
Accident,second_road_number (sec_road_num),-1,Unknown,
Accident,second_road_number (sec_road_num),0,first_road_class is C or Unclassified. These roads do not have official numbers so recorded as zero ,
Accident,pedestrian_crossing_human_control (ped_cross_hum_con),0,None within 50 metres ,
Accident,pedestrian_crossing_human_control (ped_cross_hum_con),1,Control by school crossing patrol,
Accident,pedestrian_crossing_human_control (ped_cross_hum_con),2,Control by other authorised person,
Accident,pedestrian_crossing_human_control (ped_cross_hum_con),-1,Data missing or out of range,
Accident,pedestrian_crossing_human_control (ped_cross_hum_con),9,unknown (self reported),
Accident,pedestrian_crossing_physical_facilities (ped_cross_phy_facil),0,No physical crossing facilities within 50 metres,
Accident,pedestrian_crossing_physical_facilities (ped_cross_phy_facil),1,Zebra,
Accident,pedestrian_crossing_physical_facilities (ped_cross_phy_facil),4,"Pelican, puffin, toucan or similar non-junction pedestrian light crossing",
Accident,pedestrian_crossing_physical_facilities (ped_cross_phy_facil),5,Pedestrian phase at traffic signal junction,
Accident,pedestrian_crossing_physical_facilities (ped_cross_phy_facil),7,Footbridge or subway,
Accident,pedestrian_crossing_physical_facilities (ped_cross_phy_facil),8,Central refuge,
Accident,pedestrian_crossing_physical_facilities (ped_cross_phy_facil),-1,Data missing or out of range,
Accident,pedestrian_crossing_physical_facilities (ped_cross_phy_facil),9,unknown (self reported),
Accident,light_conditions (light_con),1,Daylight,
Accident,light_conditions (light_con),4,Darkness - lights lit,
Accident,light_conditions (light_con),5,Darkness - lights unlit,
Accident,light_conditions (light_con),6,Darkness - no lighting,
Accident,light_conditions (light_con),7,Darkness - lighting unknown,
Accident,light_conditions (light_con),-1,Data missing or out of range,
Accident,weather_conditions (weath_con),1,Fine no high winds,
Accident,weather_conditions (weath_con),2,Raining no high winds,
Accident,weather_conditions (weath_con),3,Snowing no high winds,
Accident,weather_conditions (weath_con),4,Fine + high winds,
Accident,weather_conditions (weath_con),5,Raining + high winds,
Accident,weather_conditions (weath_con),6,Snowing + high winds,
Accident,weather_conditions (weath_con),7,Fog or mist,
Accident,weather_conditions (weath_con),8,Other,
Accident,weather_conditions (weath_con),9,Unknown,
Accident,weather_conditions (weath_con),-1,Data missing or out of range,
Accident,road_surface_conditions (road_surf_con),1,Dry,
Accident,road_surface_conditions (road_surf_con),2,Wet or damp,
Accident,road_surface_conditions (road_surf_con),3,Snow,
Accident,road_surface_conditions (road_surf_con),4,Frost or ice,
Accident,road_surface_conditions (road_surf_con),5,Flood over 3cm. deep,
Accident,road_surface_conditions (road_surf_con),6,Oil or diesel,
Accident,road_surface_conditions (road_surf_con),7,Mud,
Accident,road_surface_conditions (road_surf_con),-1,Data missing or out of range,
Accident,road_surface_conditions (road_surf_con),9,unknown (self reported),
Accident,special_conditions_at_site (spec_con_site),0,None,
Accident,special_conditions_at_site (spec_con_site),1,Auto traffic signal - out,
Accident,special_conditions_at_site (spec_con_site),2,Auto signal part defective,
Accident,special_conditions_at_site (spec_con_site),3,Road sign or marking defective or obscured,
Accident,special_conditions_at_site (spec_con_site),4,Roadworks,
Accident,special_conditions_at_site (spec_con_site),5,Road surface defective,
Accident,special_conditions_at_site (spec_con_site),6,Oil or diesel,
Accident,special_conditions_at_site (spec_con_site),7,Mud,
Accident,special_conditions_at_site (spec_con_site),-1,Data missing or out of range,
Accident,special_conditions_at_site (spec_con_site),9,unknown (self reported),
Accident,carriageway_hazards (carri_haz),0,None,
Accident,carriageway_hazards (carri_haz),1,Vehicle load on road,
Accident,carriageway_hazards (carri_haz),2,Other object on road,
Accident,carriageway_hazards (carri_haz),3,Previous accident,
Accident,carriageway_hazards (carri_haz),4,Dog on road,
Accident,carriageway_hazards (carri_haz),5,Other animal on road,
Accident,carriageway_hazards (carri_haz),6,Pedestrian in carriageway - not injured,
Accident,carriageway_hazards (carri_haz),7,Any animal in carriageway (except ridden horse),
Accident,carriageway_hazards (carri_haz),-1,Data missing or out of range,
Accident,carriageway_hazards (carri_haz),9,unknown (self reported),
Accident,urban_or_rural_area (urb_or_rur_area),1,Urban,field introduced in 1994
Accident,urban_or_rural_area (urb_or_rur_area),2,Rural,field introduced in 1994
Accident,urban_or_rural_area (urb_or_rur_area),3,Unallocated,field introduced in 1994
Accident,urban_or_rural_area (urb_or_rur_area),-1,Data missing or out of range,field introduced in 1994
Accident,did_police_officer_attend_scene_of_accident (did_poli_offi_att),1,Yes,
Accident,did_police_officer_attend_scene_of_accident (did_poli_offi_att),2,No,
Accident,did_police_officer_attend_scene_of_accident (did_poli_offi_att),3,No - accident was reported using a self completion  form (self rep only),
Accident,did_police_officer_attend_scene_of_accident (did_poli_offi_att),-1,Data missing or out of range,
Accident,trunk_road_flag (tru_road_flag),1,Trunk (Roads managed by Highways England),
Accident,trunk_road_flag (tru_road_flag),2,Non-trunk,
Accident,trunk_road_flag (tru_road_flag),-1,Data missing or out of range,
Accident,lsoa_of_accident_location (lsoa_of_acc_loc),,,England and Wales only. See Office for National Statistics (ONS) guidance: https://www.ons.gov.uk/methodology/geography/ukgeographies/censusgeography
